County,Year,% Naloxone Admin,% OD Survival,Opioid Overdoses,3+ Prescribers and 3+ Dispensers,Average Daily MME > 50,Overlapping Opioid/Benzodiazepine Prescriptions,Total Drug Dispensation,Total Prescriptions,Incidents - Fentanyl,Incidents - Heroin,Incidents - Opium,Arrests - Fentanyl,Arrests - Heroin,Arrests - Opium,Drug Quantity - Fentanyl,Drug Quantity - Heroin,Drug Quantity - Opium,%Incidents Fentanyl,%Arrests Fentanyl,%Quantity Fentanyl,Drug Take-Back Sites,Drug Treatment Locations,County Population,County Percent Change Since 2010
Delaware,2018,0.65625,0.703125,64,734.0,28173.0,28444.0,327722.0,314059.0,5.0,144.0,0.0,3.0,164.0,0.0,0.02077,0.538028,0.0,3.3557046979865772,1.7964071856287425,3.716906646050989,55,30,576830,0.032
Delaware,2022,0.5319148936170213,0.7446808510638298,47,159.0,7202.0,7647.0,111028.0,109043.0,32.0,61.0,2.0,51.0,72.0,2.0,39.671735,0.523227,1.002,33.68421052631579,40.8,96.29771972020656,55,30,576830,0.032
Delaware,2019,0.717948717948718,0.6153846153846154,39,626.0,22567.0,24314.0,293151.0,279401.0,15.0,173.0,0.0,19.0,198.0,0.0,5.27221,5.50115,0.0,7.9787234042553195,8.755760368663594,48.937471689426516,55,30,576830,0.032
Delaware,2020,0.5555555555555556,0.5873015873015873,63,391.0,17989.0,20672.0,263852.0,242035.0,23.0,159.0,0.0,27.0,202.0,0.0,0.16478,1.270373,0.0,12.637362637362637,11.790393013100436,11.481702647731638,55,30,576830,0.032
Delaware,2021,0.5714285714285714,0.6938775510204082,49,398.0,15777.0,18798.0,248143.0,229790.0,27.0,122.0,2.0,39.0,150.0,2.0,17.058239999999998,4.397683000000001,1.2e-05,17.880794701986755,20.418848167539267,79.50359655731619,55,30,576830,0.032
Chester,2018,0.8133971291866029,0.7511961722488039,209,560.0,22058.0,21819.0,225708.0,245441.0,5.0,76.0,2.0,6.0,64.0,2.0,1.09655,0.106369,0.00025,6.024096385542169,8.333333333333332,91.1384851172196,23,25,534413,0.071
Chester,2022,0.5522388059701493,0.7313432835820896,67,133.0,6292.0,6705.0,83552.0,90596.0,23.0,43.0,1.0,26.0,49.0,0.0,0.06926299999999999,0.884424,0.00014,34.32835820895522,34.66666666666667,7.261589365786457,23,25,534413,0.071
Chester,2019,0.7257142857142858,0.8057142857142857,175,453.0,17515.0,19100.0,200016.0,222404.0,3.0,78.0,2.0,3.0,59.0,1.0,0.0025099999999999996,0.265619,0.0002,3.614457831325301,4.761904761904762,0.9354188328507167,23,25,534413,0.071
Chester,2020,0.7919463087248322,0.8456375838926175,149,347.0,14070.0,17022.0,183784.0,198079.0,27.0,98.0,1.0,26.0,106.0,1.0,0.11560200000000001,0.285652,1e-05,21.428571428571427,19.548872180451127,28.809462099764744,23,25,534413,0.071
Chester,2021,0.5135135135135135,0.6486486486486487,74,329.0,13103.0,16407.0,183523.0,190235.0,19.0,75.0,0.0,22.0,79.0,0.0,0.07579,2.53944,0.0,20.212765957446805,21.782178217821784,2.898024265552169,23,25,534413,0.071
Beaver,2018,0.6851851851851852,0.8148148148148148,54,289.0,8946.0,10937.0,126963.0,128907.0,0.0,12.0,0.0,0.0,17.0,0.0,0.0,0.07301,0.0,0.0,0.0,0.0,16,11,168215,-0.014
Beaver,2019,0.6511627906976745,0.6744186046511628,43,259.0,6730.0,8473.0,109034.0,112865.0,0.0,20.0,0.0,0.0,30.0,0.0,0.0,0.1648,0.0,0.0,0.0,0.0,16,11,168215,-0.014
Beaver,2022,0.6363636363636364,0.6363636363636364,22,64.0,2286.0,2800.0,45632.0,45415.0,6.0,19.0,0.0,9.0,23.0,0.0,0.1468,0.21592,0.0,24.0,28.125,40.471989413321566,16,11,168215,-0.014
Beaver,2020,0.71875,0.78125,32,162.0,5463.0,6907.0,99292.0,98937.0,3.0,22.0,0.0,5.0,34.0,0.0,1.101,0.16786,0.0,12.0,12.82051282051282,86.77080213735164,16,11,168215,-0.014
Beaver,2021,0.6086956521739131,0.5652173913043478,23,159.0,4916.0,6308.0,94629.0,95304.0,0.0,30.0,0.0,0.0,35.0,0.0,0.0,0.40237,0.0,0.0,0.0,0.0,16,11,168215,-0.014
Bucks,2018,0.7416520210896309,0.804920913884007,569,885.0,33958.0,35070.0,358920.0,367771.0,1.0,27.0,0.0,0.0,23.0,0.0,0.006,1.2093749999999999,0.0,3.571428571428571,0.0,0.4936747917309473,44,40,646538,0.034
Bucks,2022,0.6907216494845361,0.8144329896907216,97,217.0,10617.0,11196.0,138988.0,142866.0,29.0,30.0,1.0,27.0,28.0,0.0,4.806345,0.027290000000000002,1.0,48.333333333333336,49.09090909090909,82.39022496265194,44,40,646538,0.034
Bucks,2019,0.6821192052980133,0.8278145695364238,453,791.0,27775.0,30296.0,321204.0,336542.0,7.0,43.0,0.0,10.0,47.0,0.0,0.34295,0.404651,0.0,14.000000000000002,17.543859649122805,45.873400383359574,44,40,646538,0.034
Bucks,2020,0.700374531835206,0.8014981273408239,267,469.0,24620.0,27579.0,297055.0,309771.0,24.0,34.0,1.0,29.0,40.0,1.0,0.17836,0.16562,0.00022,40.67796610169492,41.42857142857143,51.81871005229518,44,40,646538,0.034
Bucks,2021,0.6470588235294118,0.875,136,505.0,22802.0,26032.0,294697.0,303673.0,39.0,42.0,0.0,39.0,36.0,0.0,25.09144,0.052175,0.0,48.148148148148145,52.0,99.79249205016862,44,40,646538,0.034
Philadelphia,2018,0.9512195121951219,0.926829268292683,41,2383.0,86148.0,73373.0,840502.0,882493.0,11.0,130.0,1.0,10.0,129.0,1.0,14.3565,12.055901,1e-06,7.746478873239436,7.142857142857142,54.35514725241573,36,121,1603797,0.051
Philadelphia,2022,0.04960835509138381,0.05221932114882506,383,540.0,23954.0,17519.0,245775.0,286009.0,64.0,43.0,0.0,57.0,40.0,0.0,25.19963,28.707576,0.0,59.813084112149525,58.76288659793815,46.74631068803677,36,121,1603797,0.051
Philadelphia,2019,0.9,0.95,40,2134.0,66023.0,55709.0,732187.0,764036.0,44.0,224.0,0.0,31.0,226.0,0.0,13.2901,21.225975,0.0,16.417910447761194,12.062256809338521,38.50408831247469,36,121,1603797,0.051
Philadelphia,2020,0.75,0.8571428571428571,28,1443.0,54856.0,45774.0,625075.0,648277.0,71.0,96.0,0.0,28.0,76.0,0.0,11.720488,50.924338999999996,0.0,42.51497005988024,26.923076923076923,18.709426717708073,36,121,1603797,0.051
Philadelphia,2021,0.1858974358974359,0.1794871794871795,156,1239.0,51424.0,40945.0,579921.0,614283.0,47.0,57.0,0.0,32.0,57.0,0.0,41.8661,1.11396,0.0,45.19230769230769,35.95505617977528,97.40819347390395,36,121,1603797,0.051
Washington,2018,0.6363636363636364,0.7424242424242424,66,394.0,11347.0,12238.0,135637.0,178873.0,1.0,33.0,0.0,0.0,34.0,0.0,0.0006,0.03145,0.0,2.941176470588235,0.0,1.8720748829953195,24,17,209349,0.007
Washington,2022,0.5510204081632653,0.673469387755102,49,107.0,3152.0,3517.0,49734.0,63271.0,1.0,39.0,0.0,4.0,42.0,0.0,1.1841,0.114125,0.0,2.5,8.695652173913043,91.20915095611315,24,17,209349,0.007
Washington,2019,0.5769230769230769,0.6666666666666666,78,300.0,9045.0,9977.0,123905.0,163675.0,3.0,77.0,0.0,3.0,76.0,0.0,0.060399999999999995,0.20281100000000002,0.0,3.75,3.79746835443038,22.94736922089122,24,17,209349,0.007
Washington,2020,0.5714285714285714,0.6753246753246753,77,204.0,7490.0,8521.0,120480.0,152381.0,4.0,66.0,0.0,6.0,79.0,0.0,0.1098,0.13385,0.0,5.714285714285714,7.0588235294117645,45.06464190437103,24,17,209349,0.007
Washington,2021,0.6,0.6285714285714286,70,240.0,6834.0,7776.0,116168.0,142310.0,9.0,71.0,0.0,3.0,85.0,0.0,1.1205,0.35951,0.0,11.25,3.4090909090909087,75.7089479125141,24,17,209349,0.007
Cumberland,2018,0.6716417910447762,0.746268656716418,67,327.0,10742.0,10557.0,137418.0,125047.0,2.0,19.0,0.0,2.0,13.0,0.0,0.012,0.8793309999999999,0.0,9.523809523809524,13.333333333333334,1.3463012057249217,26,12,259469,0.102
Cumberland,2022,0.8181818181818182,0.8181818181818182,77,88.0,2851.0,3244.0,52914.0,49472.0,8.0,18.0,0.0,4.0,13.0,0.0,0.0658,0.2112,0.0,30.76923076923077,23.52941176470588,23.754512635379058,26,12,259469,0.102
Cumberland,2019,0.7476635514018691,0.8037383177570093,107,247.0,8349.0,9000.0,123934.0,113038.0,1.0,21.0,0.0,3.0,14.0,0.0,0.0011,8.173290999999999,0.0,4.545454545454546,17.647058823529413,0.013456659951793353,26,12,259469,0.102
Cumberland,2020,0.7241379310344828,0.7931034482758621,116,155.0,6799.0,8066.0,111951.0,104239.0,8.0,24.0,0.0,4.0,17.0,0.0,0.03235,0.097714,0.0,25.0,19.047619047619047,24.872370525279862,26,12,259469,0.102
Cumberland,2021,0.6962025316455697,0.7721518987341772,79,163.0,5771.0,7557.0,109837.0,101814.0,9.0,27.0,0.0,6.0,16.0,0.0,0.00646,0.03521,0.0,25.0,27.27272727272727,15.502759779217662,26,12,259469,0.102
Northumberland,2018,0.8108108108108109,0.7837837837837838,37,121.0,4626.0,5394.0,62292.0,73438.0,0.0,29.0,1.0,0.0,19.0,0.0,0.0,0.090921,0.00072,0.0,0.0,0.0,13,6,91647,-0.03
Northumberland,2021,0.8787878787878788,0.8484848484848485,33,52.0,2709.0,3573.0,47839.0,54525.0,5.0,13.0,0.0,12.0,14.0,0.0,0.004509999999999999,0.26763,0.0,27.77777777777778,46.15384615384615,1.6572352465642683,13,6,91647,-0.03
Northumberland,2019,0.8235294117647058,0.7647058823529411,34,92.0,3587.0,4409.0,54667.0,64241.0,1.0,13.0,2.0,1.0,38.0,3.0,1.4e-05,0.69529,0.00101,6.25,2.380952380952381,0.002010587177623888,13,6,91647,-0.03
Northumberland,2020,0.7666666666666667,0.9,30,65.0,3172.0,4001.0,51415.0,59404.0,6.0,14.0,0.0,5.0,16.0,0.0,0.008277,0.226251,0.0,30.0,23.809523809523807,3.5292161277118295,13,6,91647,-0.03
Northumberland,2022,0.7692307692307693,0.7692307692307693,13,32.0,1233.0,1322.0,22873.0,25459.0,3.0,7.0,0.0,2.0,4.0,0.0,0.168,0.016300000000000002,0.0,30.0,33.33333333333333,91.15572436245252,13,6,91647,-0.03
Montgomery,2018,0.6417910447761194,0.753731343283582,134,1122.0,36538.0,37507.0,493342.0,409398.0,4.0,66.0,0.0,2.0,92.0,0.0,0.004119,0.230356,0.0,5.714285714285714,2.127659574468085,1.7566904787290754,55,41,856553,0.071
Montgomery,2022,0.6518987341772152,0.9050632911392406,158,259.0,10839.0,11653.0,163264.0,157488.0,36.0,55.0,0.0,47.0,72.0,0.0,27.460729999999998,0.24919000000000002,0.0,39.56043956043956,39.49579831932773,99.1007191648334,55,41,856553,0.071
Montgomery,2019,0.5855855855855856,0.6216216216216216,111,890.0,28822.0,32283.0,442548.0,369057.0,5.0,86.0,0.0,8.0,97.0,0.0,0.10225999999999999,0.36293600000000004,0.0,5.4945054945054945,7.6190476190476195,21.982132262530197,55,41,856553,0.071
Montgomery,2020,0.5769230769230769,0.6794871794871795,78,550.0,23814.0,28711.0,385034.0,334170.0,12.0,91.0,1.0,15.0,102.0,3.0,1.526993,0.814644,0.00024,11.538461538461538,12.5,65.20380873974166,55,41,856553,0.071
Montgomery,2021,0.48717948717948717,0.8589743589743589,156,501.0,22408.0,27533.0,371733.0,328139.0,42.0,96.0,0.0,54.0,118.0,0.0,0.279503,0.496791,0.0,30.434782608695656,31.3953488372093,36.00478684622063,55,41,856553,0.071
Pike,2018,0.52,0.64,25,32.0,3044.0,3012.0,19930.0,32134.0,1.0,43.0,0.0,1.0,48.0,0.0,1e-05,0.148268,0.0,2.272727272727273,2.0408163265306123,0.0067440888061613994,4,3,58535,0.02
Pike,2019,0.5,0.75,24,30.0,2263.0,2164.0,15685.0,26512.0,0.0,24.0,0.0,0.0,23.0,0.0,0.0,0.14334000000000002,0.0,0.0,0.0,0.0,4,3,58535,0.02
Pike,2020,0.5151515151515151,0.696969696969697,33,6.0,1769.0,1731.0,13745.0,23515.0,10.0,18.0,0.0,8.0,20.0,0.0,0.004012,0.10214999999999999,0.0,35.714285714285715,28.57142857142857,3.779130008854393,4,3,58535,0.02
Pike,2021,0.6521739130434783,0.6521739130434783,23,,1756.0,1799.0,13965.0,23776.0,6.0,24.0,0.0,6.0,23.0,0.0,0.041167,0.045071,0.0,20.0,20.689655172413794,47.73649667200074,4,3,58535,0.02
Pike,2022,0.6,0.7,10,,810.0,766.0,6733.0,11243.0,2.0,21.0,0.0,3.0,23.0,0.0,5.55,0.103214,0.0,8.695652173913043,11.538461538461538,98.1742421213844,4,3,58535,0.02
Armstrong,2018,0.5555555555555556,0.5555555555555556,18,100.0,3474.0,4348.0,48946.0,50506.0,1.0,12.0,1.0,2.0,17.0,0.0,0.0015,0.029019999999999997,0.0002,7.142857142857142,10.526315789473683,4.882812500000001,9,5,65558,-0.049
Armstrong,2022,0.5909090909090909,0.6818181818181818,22,15.0,864.0,1169.0,11370.0,17051.0,14.0,39.0,0.0,16.0,52.0,0.0,0.03118,0.07921399999999999,0.0,26.41509433962264,23.52941176470588,28.244288638875304,9,5,65558,-0.049
Armstrong,2019,0.64,0.84,25,83.0,2533.0,3336.0,44777.0,42904.0,3.0,38.0,0.0,3.0,50.0,0.0,0.009899999999999999,0.07683,0.0,7.317073170731707,5.660377358490567,11.414735385679695,9,5,65558,-0.049
Armstrong,2020,0.7894736842105263,0.868421052631579,38,37.0,1948.0,2875.0,28721.0,37501.0,7.0,68.0,0.0,12.0,85.0,0.0,0.0211,1.001463,0.0,9.333333333333334,12.371134020618557,2.0634425458382517,9,5,65558,-0.049
Armstrong,2021,0.5675675675675675,0.5945945945945946,37,48.0,1870.0,2759.0,25445.0,36131.0,10.0,44.0,0.0,16.0,60.0,0.0,0.035109999999999995,0.17721399999999998,0.0,18.51851851851852,21.052631578947366,16.536048680318757,9,5,65558,-0.049
Carbon,2018,0.7321428571428571,0.7857142857142857,56,95.0,3996.0,5031.0,36430.0,52532.0,2.0,36.0,0.0,3.0,26.0,0.0,0.02051,1.7541250000000002,0.0,5.263157894736842,10.344827586206897,1.155730615027879,7,3,64749,-0.008
Carbon,2022,0.6923076923076923,0.7692307692307693,26,20.0,1077.0,1359.0,11096.0,19290.0,1.0,10.0,0.0,1.0,14.0,0.0,0.0005,0.049074,0.0,9.090909090909092,6.666666666666667,1.0085932141848548,7,3,64749,-0.008
Carbon,2019,0.7659574468085106,0.7872340425531915,47,80.0,2864.0,3850.0,30191.0,44185.0,4.0,21.0,0.0,3.0,24.0,0.0,0.0012200000000000002,0.168609,0.0,16.0,11.11111111111111,0.7183696541815592,7,3,64749,-0.008
Carbon,2020,0.6666666666666666,0.75,48,63.0,2488.0,3374.0,27383.0,43608.0,11.0,18.0,0.0,9.0,23.0,0.0,0.29012600000000005,0.032245,0.0,37.93103448275862,28.125,89.99754940735983,7,3,64749,-0.008
Carbon,2021,0.7647058823529411,0.803921568627451,51,36.0,2226.0,3141.0,26063.0,39615.0,16.0,22.0,0.0,20.0,26.0,0.0,0.034427,0.186605,0.0,42.10526315789473,43.47826086956522,15.575572767744037,7,3,64749,-0.008
Centre,2018,0.68,0.6,25,111.0,4466.0,4575.0,56241.0,60098.0,1.0,17.0,1.0,1.0,18.0,1.0,0.013,0.047380000000000005,0.0001,5.263157894736842,5.0,21.49470899470899,9,9,158172,0.027
Centre,2019,0.5,0.5833333333333334,12,106.0,3058.0,3917.0,48549.0,53748.0,1.0,9.0,1.0,1.0,16.0,1.0,0.00149,9.198599999999999,0.009,9.090909090909092,5.555555555555555,0.01617966596048035,9,9,158172,0.027
Centre,2020,0.7619047619047619,0.7619047619047619,21,55.0,2631.0,3590.0,43430.0,49626.0,5.0,25.0,0.0,9.0,24.0,0.0,0.0055,0.0557,0.0,16.666666666666664,27.27272727272727,8.986928104575163,9,9,158172,0.027
Centre,2021,0.8181818181818182,0.6818181818181818,22,61.0,2334.0,3277.0,42431.0,47726.0,10.0,27.0,0.0,12.0,40.0,0.0,1.0185,0.649343,0.0,27.027027027027028,23.076923076923077,61.066898982698014,9,9,158172,0.027
Centre,2022,0.7647058823529411,0.7058823529411765,17,17.0,1053.0,1214.0,20571.0,22636.0,8.0,22.0,1.0,5.0,15.0,1.0,0.01239,0.9383,0.001,25.806451612903224,23.809523809523807,1.3018945244775084,9,9,158172,0.027
Bradford,2018,0.46153846153846156,0.7692307692307693,13,40.0,2918.0,2888.0,39540.0,37196.0,0.0,14.0,0.0,0.0,19.0,0.0,0.0,0.01286,0.0,0.0,0.0,0.0,8,6,59967,-0.042
Bradford,2022,0.375,0.625,8,13.0,948.0,883.0,16029.0,14253.0,2.0,9.0,0.0,3.0,9.0,0.0,0.003,0.012,0.0,18.181818181818183,25.0,20.0,8,6,59967,-0.042
Bradford,2019,0.5,0.6666666666666666,6,38.0,2390.0,2428.0,35927.0,32862.0,1.0,7.0,0.0,0.0,3.0,0.0,1e-05,0.0067399999999999995,0.0,12.5,0.0,0.1481481481481482,8,6,59967,-0.042
Bradford,2020,0.4444444444444444,0.5555555555555556,9,36.0,2185.0,2302.0,35647.0,30834.0,1.0,5.0,0.0,1.0,2.0,0.0,0.0008,0.004030000000000001,0.0,16.666666666666664,33.33333333333333,16.563146997929604,8,6,59967,-0.042
Bradford,2021,0.75,0.75,4,32.0,2035.0,2054.0,34148.0,29183.0,3.0,19.0,0.0,5.0,29.0,0.0,0.007,0.0632,0.0,13.636363636363635,14.705882352941178,9.97150997150997,8,6,59967,-0.042
Dauphin,2018,0.3217993079584775,0.7647058823529411,289,477.0,13614.0,12069.0,154471.0,145652.0,10.0,97.0,0.0,12.0,84.0,0.0,0.01985,0.350503,0.0,9.345794392523365,12.5,5.359751372339363,16,32,286401,0.068
Dauphin,2022,0.6438356164383562,0.6986301369863014,73,111.0,3326.0,3201.0,55392.0,56850.0,25.0,40.0,1.0,19.0,30.0,1.0,4.61306,0.36673,0.0002,37.878787878787875,38.0,92.63191291548777,16,32,286401,0.068
Dauphin,2019,0.5714285714285714,0.7817460317460317,252,371.0,10176.0,10175.0,132236.0,131854.0,29.0,144.0,0.0,14.0,94.0,0.0,0.236011,1.990061,0.0,16.76300578034682,12.962962962962962,10.60212787367165,16,32,286401,0.068
Dauphin,2020,0.75177304964539,0.8014184397163121,141,218.0,8083.0,8942.0,120311.0,120782.0,20.0,62.0,0.0,43.0,45.0,0.0,0.26722,0.6043,0.0,24.390243902439025,48.86363636363637,30.661373232972284,16,32,286401,0.068
Dauphin,2021,0.6846846846846847,0.8018018018018018,111,247.0,6923.0,8068.0,116700.0,115670.0,27.0,94.0,0.0,23.0,70.0,0.0,0.7163299999999999,0.430646,0.0,22.31404958677686,24.731182795698924,62.45379153530675,16,32,286401,0.068
Lehigh,2018,0.8925619834710744,0.8925619834710744,121,471.0,15132.0,16993.0,265406.0,195853.0,1.0,31.0,0.0,1.0,36.0,0.0,0.025,0.6805,0.0,3.125,2.7027027027027026,3.543586109142452,21,20,374557,0.072
Lehigh,2022,0.9285714285714286,0.8928571428571429,112,91.0,3755.0,5120.0,85562.0,70260.0,19.0,15.0,0.0,21.0,13.0,0.0,22.512950000000004,0.221331,0.0,55.88235294117647,61.76470588235294,99.02644380968107,21,20,374557,0.072
Lehigh,2019,0.8666666666666667,0.8333333333333334,60,321.0,11482.0,14635.0,234777.0,177621.0,4.0,41.0,0.0,2.0,39.0,0.0,6.1129999999999995,1.6958010000000001,0.0,8.88888888888889,4.878048780487805,78.28346502875408,21,20,374557,0.072
Lehigh,2020,0.7727272727272727,0.7954545454545454,44,201.0,9212.0,12867.0,200312.0,156114.0,2.0,43.0,0.0,2.0,38.0,0.0,0.00203,0.21083000000000002,0.0,4.444444444444445,5.0,0.9536784741144414,21,20,374557,0.072
Lehigh,2021,0.7608695652173914,0.8043478260869565,46,231.0,8396.0,11979.0,176011.0,146209.0,15.0,29.0,0.0,17.0,26.0,0.0,12.08802,0.89907,0.0,34.090909090909086,39.53488372093023,93.07720205219184,21,20,374557,0.072
Blair,2018,0.875,0.8125,16,186.0,7598.0,10520.0,127325.0,118099.0,2.0,3.0,1.0,0.0,2.0,1.0,0.05,0.010020000000000001,0.0527,33.33333333333333,0.0,44.357700496806245,7,20,122822,-0.034
Blair,2019,0.8421052631578947,0.7368421052631579,19,136.0,5679.0,8392.0,109938.0,101272.0,1.0,12.0,0.0,1.0,9.0,0.0,0.4536,0.01961,0.0,7.6923076923076925,10.0,95.85596246909405,7,20,122822,-0.034
Blair,2020,0.8928571428571429,0.7857142857142857,28,67.0,4804.0,6916.0,95848.0,83758.0,3.0,20.0,1.0,3.0,24.0,2.0,0.0027,0.07034,3e-05,12.5,10.344827586206897,3.6950869029697553,7,20,122822,-0.034
Blair,2022,0.7419354838709677,0.7419354838709677,31,43.0,1958.0,2834.0,41812.0,37375.0,7.0,29.0,1.0,11.0,24.0,2.0,0.11800000000000001,0.08275,0.00129,18.91891891891892,29.72972972972973,58.40427638091468,7,20,122822,-0.034
Blair,2021,0.6875,0.71875,32,78.0,4209.0,6366.0,88599.0,77207.0,4.0,32.0,0.0,3.0,32.0,0.0,0.02893,0.070684,0.0,11.11111111111111,8.571428571428571,29.042102515710646,7,20,122822,-0.034
Allegheny,2018,0.6225854383358098,0.7756315007429421,673,2203.0,51419.0,61530.0,975976.0,806668.0,14.0,34.0,0.0,17.0,31.0,0.0,1.085,1.2616129999999999,0.0,29.166666666666668,35.41666666666667,46.23685285984524,50,89,1250578,0.022
Allegheny,2022,0.7442922374429224,0.7990867579908676,438,713.0,14263.0,19564.0,247457.0,300270.0,29.0,59.0,0.0,23.0,66.0,0.0,7.9628,0.270057,0.0,32.95454545454545,25.842696629213485,96.7197656900879,50,89,1250578,0.022
Allegheny,2019,0.7044145873320538,0.8061420345489443,521,1967.0,40633.0,52434.0,870433.0,722584.0,9.0,99.0,1.0,12.0,99.0,1.0,0.733897,5.35996,1.3608,8.256880733944955,10.714285714285714,9.844812444086964,50,89,1250578,0.022
Allegheny,2020,0.7438356164383562,0.8041095890410959,730,1153.0,32767.0,45797.0,736197.0,662368.0,4.0,64.0,0.0,4.0,86.0,0.0,0.14730000000000001,2.68589,0.0,5.88235294117647,4.444444444444445,5.199086542025067,50,89,1250578,0.022
Allegheny,2021,0.759656652360515,0.8025751072961373,466,1372.0,30353.0,43185.0,700713.0,631981.0,24.0,76.0,0.0,12.0,100.0,0.0,10.25628,0.95906,0.0,24.0,10.714285714285714,91.4486765448038,50,89,1250578,0.022
Erie,2018,0.7377049180327869,0.8442622950819673,122,377.0,10979.0,14291.0,208168.0,222827.0,5.0,38.0,0.0,3.0,30.0,0.0,0.0501,0.34197,0.0,11.627906976744185,9.090909090909092,12.778330400183641,16,34,270876,-0.035
Erie,2022,0.773224043715847,0.8169398907103825,366,105.0,2942.0,4584.0,87267.0,88046.0,36.0,28.0,0.0,40.0,15.0,0.0,4.74671,0.32720799999999994,0.0,56.25,72.72727272727273,93.55117682232942,16,34,270876,-0.035
Erie,2019,0.8384615384615385,0.8692307692307693,130,342.0,8263.0,12357.0,206733.0,215694.0,8.0,40.0,0.0,14.0,38.0,0.0,0.19247,0.41684,0.0,16.666666666666664,26.923076923076923,31.588189919745286,16,34,270876,-0.035
Erie,2020,0.7888888888888889,0.8055555555555556,180,217.0,6906.0,11153.0,192834.0,189560.0,11.0,38.0,0.0,13.0,42.0,0.0,1.1133,0.81803,0.0,22.448979591836736,23.636363636363637,57.644214090807885,16,34,270876,-0.035
Erie,2021,0.7828571428571428,0.8542857142857143,350,194.0,6111.0,10605.0,189415.0,185883.0,34.0,32.0,0.0,43.0,37.0,0.0,19.882839999999998,0.20802,0.0,51.515151515151516,53.75,98.96460380491426,16,34,270876,-0.035
York,2018,0.8394495412844036,0.8256880733944955,436,505.0,18591.0,18889.0,227493.0,234929.0,6.0,43.0,0.0,6.0,42.0,0.0,0.02655,0.30378,0.0,12.244897959183673,12.5,8.037417128326219,19,31,456438,0.049
York,2022,0.7446808510638298,0.7659574468085106,94,125.0,5492.0,5761.0,86172.0,90645.0,18.0,14.0,0.0,14.0,24.0,0.0,0.08201,0.022,0.0,56.25,36.84210526315789,78.84818767426209,19,31,456438,0.049
York,2019,0.8280871670702179,0.8329297820823245,413,348.0,14249.0,15918.0,203556.0,210761.0,18.0,40.0,0.0,13.0,30.0,0.0,0.27107,0.5245000000000001,0.0,31.03448275862069,30.23255813953488,34.07242605930338,19,31,456438,0.049
York,2020,0.8122605363984674,0.8122605363984674,522,242.0,12599.0,14300.0,186753.0,192961.0,18.0,43.0,0.0,12.0,44.0,0.0,0.15292,0.37421,0.0,29.508196721311474,21.428571428571427,29.009921651205584,19,31,456438,0.049
York,2021,0.8481675392670157,0.8429319371727748,191,264.0,11669.0,13138.0,179747.0,184146.0,20.0,33.0,1.0,19.0,29.0,1.0,93.04571,0.21215,1e-06,37.03703703703704,38.775510204081634,99.77251140255083,19,31,456438,0.049
Lebanon,2018,0.5970149253731343,0.8059701492537313,67,184.0,6944.0,5995.0,88354.0,78711.0,0.0,36.0,1.0,0.0,30.0,1.0,0.0,0.14678,0.001,0.0,0.0,0.0,7,8,143257,0.073
Lebanon,2022,0.8157894736842105,0.8947368421052632,76,41.0,1773.0,1780.0,33431.0,29774.0,13.0,31.0,1.0,11.0,33.0,1.0,0.17923,0.135222,1e-05,28.888888888888886,24.444444444444443,56.99575783401492,7,8,143257,0.073
Lebanon,2019,0.7631578947368421,0.881578947368421,76,128.0,5220.0,5036.0,79602.0,70786.0,7.0,20.0,2.0,5.0,24.0,1.0,7.06168,4.9719,0.00031,24.137931034482758,16.666666666666664,58.68160669575674,7,8,143257,0.073
Lebanon,2020,0.788135593220339,0.864406779661017,118,67.0,4275.0,4467.0,71156.0,62675.0,15.0,24.0,0.0,17.0,21.0,0.0,2.114634,0.256366,0.0,38.46153846153847,44.73684210526316,89.18743146351751,7,8,143257,0.073
Lebanon,2021,0.7422680412371134,0.8556701030927835,97,104.0,3932.0,4294.0,67690.0,61436.0,22.0,43.0,0.0,20.0,45.0,0.0,2.7848699999999997,0.5676009999999999,0.0,33.84615384615385,30.76923076923077,83.0691749458832,7,8,143257,0.073
Monroe,2018,0.4727272727272727,0.6363636363636364,55,251.0,8904.0,8009.0,100350.0,98987.0,1.0,110.0,1.0,1.0,102.0,2.0,0.001,0.9005249999999999,0.001,0.8928571428571428,0.9523809523809524,0.11080025484058614,6,11,168327,-0.009
Monroe,2022,0.7777777777777778,0.8271604938271605,81,40.0,2112.0,2178.0,31460.0,33679.0,14.0,59.0,0.0,18.0,78.0,0.0,1.1109099999999998,0.580281,0.0,19.17808219178082,18.75,65.6880269585162,6,11,168327,-0.009
Monroe,2021,0.6210526315789474,0.7157894736842105,95,92.0,4698.0,5314.0,75605.0,73085.0,9.0,119.0,0.0,10.0,173.0,0.0,0.15515,1.167132,0.0,7.03125,5.46448087431694,11.733503140782375,6,11,168327,-0.009
Monroe,2019,0.6637931034482759,0.7155172413793104,116,163.0,6368.0,6732.0,87598.0,85782.0,9.0,125.0,0.0,12.0,182.0,0.0,6.892608,2.205095,0.0,6.7164179104477615,6.185567010309279,75.76206873317365,6,11,168327,-0.009
Monroe,2020,0.6864406779661016,0.7457627118644068,118,78.0,5231.0,5715.0,81267.0,76566.0,5.0,106.0,0.0,6.0,171.0,0.0,2.065185,0.429762,0.0,4.504504504504505,3.389830508474576,82.77470423219413,6,11,168327,-0.009
Franklin,2018,0.7014925373134329,0.7761194029850746,67,144.0,7711.0,6675.0,86262.0,91824.0,5.0,21.0,1.0,2.0,18.0,1.0,0.00311,0.20794,0.001,18.51851851851852,9.523809523809524,1.4666352275406742,6,8,155932,0.042
Franklin,2022,0.5777777777777777,0.6222222222222222,45,24.0,1849.0,1897.0,28010.0,31786.0,5.0,3.0,1.0,7.0,2.0,0.0,0.028999999999999998,0.0055,5e-06,55.55555555555556,77.77777777777779,84.04579046514998,6,8,155932,0.042
Franklin,2019,0.5294117647058824,0.6470588235294118,51,103.0,5266.0,5405.0,74661.0,80163.0,5.0,20.0,0.0,3.0,9.0,0.0,0.01944,2.0395,0.0,20.0,25.0,0.9441751580910566,6,8,155932,0.042
Franklin,2020,0.5949367088607594,0.759493670886076,79,69.0,4280.0,4587.0,63850.0,68588.0,12.0,14.0,1.0,12.0,11.0,0.0,0.059930000000000004,0.24415,0.001,44.44444444444444,52.17391304347826,19.644027795987938,6,8,155932,0.042
Franklin,2021,0.6142857142857143,0.7,70,68.0,3972.0,4349.0,62179.0,66389.0,19.0,13.0,0.0,14.0,10.0,0.0,0.37185199999999996,0.03492,0.0,59.375,58.333333333333336,91.41533832220506,6,8,155932,0.042
Lancaster,2018,0.7206703910614525,0.776536312849162,179,602.0,24555.0,23968.0,268360.0,286587.0,4.0,53.0,0.0,5.0,61.0,0.0,0.02152,0.220915,0.0,7.017543859649122,7.575757575757576,8.876606100604285,28,33,552984,0.065
Lancaster,2019,0.7197802197802198,0.8021978021978022,182,579.0,19209.0,20990.0,245628.0,261416.0,5.0,42.0,1.0,8.0,42.0,1.0,0.04464,0.107147,0.001,10.416666666666668,15.686274509803921,29.217145437766302,28,33,552984,0.065
Lancaster,2022,0.5666666666666667,0.6111111111111112,90,166.0,7470.0,7467.0,96896.0,110048.0,6.0,17.0,0.0,5.0,20.0,0.0,0.80601,0.05792,0.0,26.08695652173913,20.0,93.29575312814697,28,33,552984,0.065
Lancaster,2020,0.726027397260274,0.7534246575342466,146,403.0,16726.0,19295.0,227915.0,241072.0,9.0,35.0,0.0,10.0,37.0,0.0,0.0612,0.22226,0.0,20.454545454545457,21.27659574468085,21.59034784449305,28,33,552984,0.065
Lancaster,2021,0.7424242424242424,0.7727272727272727,132,365.0,15408.0,17929.0,221037.0,231829.0,6.0,31.0,1.0,8.0,30.0,1.0,0.10550000000000001,0.22273,0.001,15.789473684210526,20.51282051282051,32.044467393615406,28,33,552984,0.065
Lycoming,2022,0.64,0.68,25,36.0,1557.0,1546.0,31270.0,31699.0,8.0,11.0,1.0,7.0,7.0,0.0,0.0663,0.02144,0.0005,40.0,50.0,75.13599274705349,21,12,114188,-0.017
Lycoming,2018,0.6923076923076923,0.8461538461538461,39,127.0,5754.0,6801.0,87495.0,84623.0,5.0,46.0,0.0,2.0,24.0,0.0,0.0015370000000000002,0.07472400000000001,0.0,9.803921568627452,7.6923076923076925,2.0154469519151332,21,12,114188,-0.017
Lycoming,2019,0.6176470588235294,0.7941176470588235,34,112.0,4433.0,5207.0,77240.0,75243.0,3.0,75.0,0.0,9.0,40.0,0.0,0.0113,0.179516,0.0,3.8461538461538463,18.367346938775512,5.92193526748281,21,12,114188,-0.017
Lycoming,2020,0.4666666666666667,0.6444444444444445,45,58.0,3686.0,4517.0,71232.0,68644.0,2.0,38.0,0.0,0.0,22.0,0.0,0.0066,0.31248,0.0,5.0,0.0,2.0684467845054533,21,12,114188,-0.017
Lycoming,2021,0.5806451612903226,0.7741935483870968,31,66.0,3333.0,4080.0,68151.0,65204.0,11.0,19.0,0.0,9.0,29.0,0.0,0.13599999999999998,0.03752,0.0,36.666666666666664,23.684210526315788,78.37713231904104,21,12,114188,-0.017
Berks,2018,0.6808510638297872,0.7340425531914894,94,529.0,17304.0,19003.0,200974.0,227031.0,0.0,30.0,0.0,0.0,29.0,0.0,0.0,5.087154,0.0,0.0,0.0,0.0,29,21,428849,0.042
Berks,2022,0.6346153846153846,0.6538461538461539,52,155.0,4763.0,5956.0,75326.0,87306.0,19.0,19.0,0.0,20.0,42.0,0.0,6.2345299999999995,1.572287,0.0,50.0,32.25806451612903,79.86007613602317,29,21,428849,0.042
Berks,2019,0.7402597402597403,0.7142857142857143,77,441.0,12980.0,15763.0,180415.0,201895.0,13.0,54.0,0.0,28.0,41.0,0.0,0.9086,0.68149,0.0,19.402985074626866,40.57971014492754,57.141419668069105,29,21,428849,0.042
Berks,2020,0.6511627906976745,0.6627906976744186,86,250.0,10555.0,14260.0,163558.0,181784.0,17.0,62.0,0.0,16.0,61.0,0.0,10.136813999999998,0.256216,0.0,21.518987341772153,20.77922077922078,97.53473241201074,29,21,428849,0.042
Berks,2021,0.6774193548387096,0.6612903225806451,62,303.0,9727.0,13875.0,159811.0,176062.0,15.0,26.0,0.0,14.0,29.0,0.0,2.61063,0.093503,0.0,36.58536585365854,32.55813953488372,96.54221889233997,29,21,428849,0.042
Mifflin,2018,0.6153846153846154,0.5384615384615384,13,64.0,2188.0,2739.0,31162.0,43303.0,1.0,5.0,1.0,0.0,2.0,1.0,0.002,0.00379,0.001,14.285714285714285,0.0,29.455081001472756,6,3,46143,-0.012
Mifflin,2019,0.3333333333333333,0.3333333333333333,3,58.0,1534.0,2030.0,25633.0,37755.0,0.0,7.0,0.0,0.0,14.0,0.0,0.0,0.00253,0.0,0.0,0.0,0.0,6,3,46143,-0.012
Mifflin,2020,0.7,0.9,10,53.0,1274.0,1669.0,21348.0,26481.0,1.0,13.0,0.0,0.0,9.0,0.0,0.001,0.04457,0.0,7.142857142857142,0.0,2.194426157559798,6,3,46143,-0.012
Mifflin,2021,0.6666666666666666,0.7777777777777778,9,27.0,989.0,1477.0,20268.0,23062.0,1.0,11.0,0.0,1.0,9.0,0.0,0.0008,0.02421,0.0,8.333333333333332,10.0,3.1987205117952824,6,3,46143,-0.012
Mifflin,2022,0.6666666666666666,0.6666666666666666,6,20.0,454.0,542.0,8852.0,10912.0,2.0,3.0,0.0,4.0,2.0,0.0,0.007,0.00708,0.0,40.0,66.66666666666666,49.715909090909086,6,3,46143,-0.012
Westmoreland,2018,0.6923076923076923,0.7596153846153846,104,525.0,17954.0,20387.0,273909.0,279708.0,6.0,89.0,0.0,4.0,87.0,0.0,0.4774,14.354986000000002,0.0,6.315789473684211,4.395604395604396,3.218632524800797,30,24,354663,-0.029
Westmoreland,2022,0.6574074074074074,0.7037037037037037,108,152.0,4915.0,5809.0,91613.0,102778.0,10.0,112.0,0.0,14.0,109.0,0.0,17.34675,1.50515,0.0,8.19672131147541,11.38211382113821,92.01592412435882,30,24,354663,-0.029
Westmoreland,2019,0.6611570247933884,0.7107438016528925,121,459.0,13980.0,16100.0,242339.0,257468.0,6.0,59.0,0.0,9.0,60.0,0.0,10.286901,8.06297,0.0,9.230769230769232,13.043478260869565,56.05980009341756,30,24,354663,-0.029
Westmoreland,2020,0.6711409395973155,0.6912751677852349,149,249.0,11597.0,13934.0,217948.0,236490.0,9.0,100.0,0.0,13.0,99.0,0.0,4.291,5.427687000000001,0.0,8.256880733944955,11.607142857142858,44.15205469627739,30,24,354663,-0.029
Westmoreland,2021,0.6344827586206897,0.6206896551724138,145,308.0,10419.0,12813.0,212234.0,221867.0,6.0,165.0,1.0,7.0,160.0,0.0,26.258,1.287383,0.001,3.488372093023256,4.191616766467066,95.32285962915712,30,24,354663,-0.029
Crawford,2018,0.47368421052631576,0.47368421052631576,19,76.0,4911.0,3678.0,72346.0,63788.0,2.0,13.0,0.0,3.0,20.0,0.0,0.0033,0.01218,0.0,13.333333333333334,13.043478260869565,21.31782945736434,8,6,83938,-0.054
Crawford,2019,0.6111111111111112,0.6666666666666666,18,75.0,3766.0,3002.0,61074.0,57903.0,4.0,14.0,0.0,6.0,15.0,0.0,0.07754,0.04965,0.0,22.22222222222222,28.57142857142857,60.96391225725293,8,6,83938,-0.054
Crawford,2020,0.5789473684210527,0.6842105263157895,19,49.0,3378.0,2626.0,56697.0,52440.0,8.0,22.0,0.0,12.0,35.0,0.0,0.04207,0.07462,0.0,26.666666666666668,25.53191489361702,36.052789442111575,8,6,83938,-0.054
Crawford,2021,0.6129032258064516,0.5806451612903226,31,28.0,3207.0,2429.0,54799.0,50762.0,19.0,45.0,0.0,31.0,61.0,0.0,0.17001000000000002,0.25716,0.0,29.6875,33.69565217391305,39.79914319825831,8,6,83938,-0.054
Crawford,2022,0.6923076923076923,0.8461538461538461,13,9.0,1652.0,1125.0,19756.0,23755.0,12.0,22.0,0.0,14.0,36.0,0.0,0.5591,0.047060000000000005,0.0,35.294117647058826,28.000000000000004,92.2363732347895,8,6,83938,-0.054
Mercer,2018,0.89,0.9,100,112.0,6101.0,6668.0,96637.0,90309.0,4.0,9.0,0.0,8.0,8.0,0.0,0.67963,0.015,0.0,30.76923076923077,50.0,97.84057699782618,13,6,110652,-0.051
Mercer,2019,0.9722222222222222,0.8333333333333334,36,96.0,4823.0,5612.0,86279.0,80349.0,1.0,15.0,1.0,1.0,24.0,2.0,0.00025,0.14100000000000001,0.005,5.88235294117647,3.7037037037037033,0.17094017094017092,13,6,110652,-0.051
Mercer,2020,0.8571428571428571,0.9285714285714286,14,69.0,4456.0,5045.0,80023.0,75184.0,5.0,7.0,0.0,4.0,6.0,0.0,0.5565,0.02266,0.0,41.66666666666667,40.0,96.08743697769184,13,6,110652,-0.051
Mercer,2021,0.8888888888888888,0.7777777777777778,18,88.0,4061.0,4821.0,75335.0,71966.0,3.0,5.0,1.0,3.0,5.0,1.0,18.368009999999998,0.027299999999999998,0.008,33.33333333333333,33.33333333333333,99.80818667946147,13,6,110652,-0.051
Mercer,2022,0.896551724137931,0.7241379310344828,29,33.0,1912.0,2184.0,33602.0,34030.0,3.0,1.0,0.0,5.0,2.0,0.0,4.475,0.499,0.0,75.0,71.42857142857143,89.96783273019703,13,6,110652,-0.051
Luzerne,2018,0.8134715025906736,0.8393782383419689,193,317.0,14288.0,23401.0,246041.0,231906.0,9.0,95.0,0.0,11.0,77.0,0.0,1.0741939999999999,10.045000000000002,0.0,8.653846153846153,12.5,9.660718213928094,13,22,325594,0.015
Luzerne,2022,0.8134328358208955,0.8283582089552238,134,86.0,3676.0,6197.0,78352.0,81039.0,111.0,26.0,0.0,57.0,32.0,0.0,11.72339,0.09992100000000001,0.0,81.02189781021897,64.04494382022472,99.15488140335647,13,22,325594,0.015
Luzerne,2019,0.8,0.8117647058823529,170,284.0,11204.0,18735.0,209715.0,200232.0,70.0,110.0,0.0,51.0,77.0,0.0,4.074182,1.130025,0.0,38.88888888888889,39.84375,78.28631720452319,13,22,325594,0.015
Luzerne,2021,0.8033707865168539,0.8033707865168539,178,194.0,8224.0,14254.0,246557.0,168109.0,89.0,65.0,0.0,77.0,64.0,0.0,3.9742100000000002,1.5441500000000001,0.0,57.7922077922078,54.60992907801418,72.01795460970288,13,22,325594,0.015
Luzerne,2020,0.7425742574257426,0.8118811881188119,202,168.0,9094.0,15516.0,187450.0,179026.0,103.0,62.0,0.0,72.0,61.0,0.0,6.02536,0.40968,0.0,62.42424242424243,54.13533834586466,93.63360600711107,13,22,325594,0.015
Susquehanna,2018,0.4,0.4,10,12.0,1722.0,2331.0,17560.0,23537.0,1.0,1.0,0.0,1.0,1.0,0.0,1e-06,0.0005,0.0,50.0,50.0,0.19960079840319359,2,2,38434,-0.114
Susquehanna,2019,0.8333333333333334,1.0,6,6.0,1239.0,1887.0,14115.0,19611.0,1.0,1.0,0.0,1.0,1.0,0.0,0.0005,0.0005,0.0,50.0,50.0,50.0,2,2,38434,-0.114
Susquehanna,2020,0.8333333333333334,0.75,12,14.0,1063.0,1712.0,12717.0,17671.0,3.0,18.0,0.0,7.0,28.0,0.0,0.00313,0.84717,0.0,14.285714285714285,20.0,0.36810537457367987,2,2,38434,-0.114
Susquehanna,2021,0.46153846153846156,0.6153846153846154,13,,971.0,1599.0,12489.0,17258.0,4.0,20.0,0.0,6.0,23.0,0.0,0.0375,1.73654,0.0,16.666666666666664,20.689655172413794,2.1138193050889496,2,2,38434,-0.114
Susquehanna,2022,0.6,0.2,5,,446.0,727.0,4780.0,8107.0,2.0,14.0,0.0,3.0,13.0,0.0,4.54,1.61113,0.0,12.5,18.75,73.80757681921858,2,2,38434,-0.114
Elk,2018,0.7142857142857143,0.7142857142857143,7,27.0,1890.0,2074.0,20849.0,23447.0,0.0,1.0,0.0,0.0,2.0,0.0,0.0,0.005,0.0,0.0,0.0,0.0,5,2,30990,-0.03
Elk,2019,0.8571428571428571,1.0,7,27.0,1396.0,1710.0,18297.0,20838.0,0.0,1.0,0.0,0.0,2.0,0.0,0.0,0.0075,0.0,0.0,0.0,0.0,5,2,30990,-0.03
Elk,2020,0.6818181818181818,0.9090909090909091,22,13.0,1152.0,1455.0,16278.0,18664.0,0.0,3.0,0.0,0.0,4.0,0.0,0.0,0.007001,0.0,0.0,0.0,0.0,5,2,30990,-0.03
Elk,2021,0.8,0.76,25,20.0,1053.0,1374.0,15952.0,18299.0,0.0,1.0,0.0,0.0,2.0,0.0,0.0,0.002,0.0,0.0,0.0,0.0,5,2,30990,-0.03
Snyder,2018,0.25,0.375,8,37.0,1510.0,1727.0,19612.0,23155.0,0.0,3.0,0.0,0.0,0.0,0.0,0.0,0.027963,0.0,0.0,,0.0,7,2,39736,0.001
Snyder,2019,0.3333333333333333,0.6666666666666666,3,26.0,1100.0,1379.0,16704.0,20017.0,1.0,7.0,0.0,0.0,5.0,0.0,0.0001,0.005363,0.0,12.5,0.0,1.8304960644334616,7,2,39736,0.001
Snyder,2020,0.75,0.75,4,13.0,820.0,1193.0,14850.0,17895.0,0.0,4.0,0.0,0.0,0.0,0.0,0.0,0.004072999999999999,0.0,0.0,,0.0,7,2,39736,0.001
Snyder,2021,0.6666666666666666,0.8333333333333334,6,8.0,701.0,1030.0,14080.0,16775.0,1.0,6.0,0.0,1.0,5.0,0.0,0.003,0.02119,0.0,14.285714285714285,16.666666666666664,12.401818933443572,7,2,39736,0.001
Snyder,2022,0.5714285714285714,0.7142857142857143,7,,322.0,393.0,6927.0,8270.0,2.0,3.0,0.0,3.0,5.0,0.0,0.00078,0.00251,0.0,40.0,37.5,23.70820668693009,7,2,39736,0.001
Lackawanna,2018,0.6785714285714286,0.6785714285714286,28,269.0,13316.0,21354.0,201280.0,187397.0,0.0,10.0,0.0,0.0,7.0,0.0,0.0,0.09412000000000001,0.0,0.0,0.0,0.0,11,20,215896,0.007
Lackawanna,2019,0.5882352941176471,0.5294117647058824,17,197.0,10054.0,17559.0,172620.0,159697.0,0.0,8.0,0.0,0.0,10.0,0.0,0.0,1.3091,0.0,0.0,0.0,0.0,11,20,215896,0.007
Lackawanna,2020,0.7142857142857143,0.75,28,130.0,8176.0,15112.0,150824.0,139047.0,1.0,21.0,0.0,2.0,13.0,0.0,0.01,0.08957,0.0,4.545454545454546,13.333333333333334,10.043185698503567,11,20,215896,0.007
Lackawanna,2022,0.7872340425531915,0.7659574468085106,47,90.0,3158.0,5657.0,59718.0,59807.0,4.0,11.0,0.0,4.0,12.0,0.0,0.06924999999999999,0.0224,0.0,26.666666666666668,25.0,75.55919258046917,11,20,215896,0.007
Lackawanna,2021,0.7192982456140351,0.7543859649122807,57,139.0,7079.0,13684.0,138030.0,127822.0,2.0,15.0,0.0,3.0,23.0,0.0,0.636,0.2978,0.0,11.76470588235294,11.538461538461538,68.10880274148641,11,20,215896,0.007
Lawrence,2018,0.7419354838709677,0.8064516129032258,31,114.0,4946.0,5306.0,55809.0,67852.0,1.0,8.0,0.0,1.0,6.0,0.0,0.0283,0.37926,0.0,11.11111111111111,14.285714285714285,6.943762881538914,5,7,86070,-0.055
Lawrence,2019,0.75,0.6,20,87.0,3862.0,4184.0,47335.0,57677.0,0.0,11.0,0.0,0.0,13.0,0.0,0.0,0.1437,0.0,0.0,0.0,0.0,5,7,86070,-0.055
Lawrence,2020,0.7037037037037037,0.7407407407407407,27,63.0,3400.0,3606.0,43427.0,52813.0,2.0,7.0,0.0,2.0,8.0,0.0,0.0006000000000000001,0.0358,0.0,22.22222222222222,20.0,1.6483516483516485,5,7,86070,-0.055
Lawrence,2021,0.4,0.75,20,52.0,3028.0,3310.0,41604.0,50868.0,1.0,7.0,0.0,1.0,9.0,0.0,0.01,0.2245,0.0,12.5,10.0,4.264392324093817,5,7,86070,-0.055
Lawrence,2022,0.6,0.56,25,27.0,1414.0,1494.0,21326.0,23783.0,8.0,16.0,0.0,7.0,21.0,0.0,0.03901,0.12584,0.0,33.33333333333333,25.0,23.663936912344557,5,7,86070,-0.055
Wayne,2018,0.6153846153846154,0.5384615384615384,13,30.0,3095.0,3430.0,37889.0,36806.0,1.0,22.0,0.0,1.0,23.0,0.0,0.001,0.478372,0.0,4.3478260869565215,4.166666666666666,0.20860625985664577,2,3,51155,-0.032
Wayne,2019,0.2727272727272727,0.45454545454545453,11,20.0,2593.0,2830.0,33066.0,32219.0,0.0,15.0,0.0,0.0,17.0,0.0,0.0,0.02894,0.0,0.0,0.0,0.0,2,3,51155,-0.032
Wayne,2020,0.5454545454545454,0.7272727272727273,11,,2167.0,2534.0,31572.0,29255.0,2.0,25.0,0.0,0.0,50.0,0.0,0.0007999999999999999,1.0589089999999999,0.0,7.4074074074074066,0.0,0.07549242291987707,2,3,51155,-0.032
Wayne,2021,0.6666666666666666,0.4444444444444444,9,,2087.0,2239.0,29598.0,27011.0,1.0,8.0,0.0,1.0,6.0,0.0,0.0001,0.01331,0.0,11.11111111111111,14.285714285714285,0.7457121551081283,2,3,51155,-0.032
Wayne,2022,0.5,0.625,8,,979.0,856.0,14017.0,12899.0,0.0,11.0,0.0,0.0,11.0,0.0,0.0,0.01286,0.0,0.0,0.0,0.0,2,3,51155,-0.032
Juniata,2018,0.0,0.3333333333333333,3,34.0,1201.0,1284.0,10656.0,16566.0,0.0,2.0,0.0,0.0,2.0,0.0,0.0,0.0051,0.0,0.0,0.0,0.0,1,2,23509,-0.046
Juniata,2019,0.0,0.25,4,26.0,958.0,1026.0,9404.0,14810.0,0.0,6.0,0.0,0.0,6.0,0.0,0.0,0.013550000000000001,0.0,0.0,0.0,0.0,1,2,23509,-0.046
Juniata,2020,0.2,0.8,5,14.0,786.0,888.0,8338.0,12978.0,3.0,3.0,0.0,5.0,3.0,0.0,0.0031,0.0402,0.0,50.0,62.5,7.159353348729793,1,2,23509,-0.046
Juniata,2021,0.3333333333333333,1.0,3,,684.0,797.0,7724.0,11857.0,0.0,3.0,1.0,0.0,6.0,1.0,0.0,0.014,0.001,0.0,0.0,0.0,1,2,23509,-0.046
Juniata,2022,0.2857142857142857,0.2857142857142857,7,,291.0,286.0,3623.0,5726.0,0.0,3.0,0.0,0.0,2.0,0.0,0.0,0.015,0.0,0.0,0.0,0.0,1,2,23509,-0.046
Perry,2018,0.45,0.725,40,73.0,2578.0,2406.0,20051.0,29811.0,2.0,12.0,0.0,1.0,8.0,0.0,0.0012000000000000001,0.014893,0.0,14.285714285714285,11.11111111111111,7.456658174361524,2,2,45842,-0.003
Perry,2021,0.631578947368421,0.7368421052631579,38,37.0,1280.0,1418.0,15973.0,23190.0,7.0,26.0,0.0,4.0,18.0,0.0,0.012,1.2999010000000002,0.0,21.21212121212121,18.181818181818183,0.9147031673883927,2,2,45842,-0.003
Perry,2019,0.48,0.8,25,64.0,2001.0,1909.0,18269.0,26465.0,2.0,10.0,0.0,4.0,4.0,0.0,0.00647,0.095002,0.0,16.666666666666664,50.0,6.376143172500788,2,2,45842,-0.003
Perry,2020,0.3870967741935484,0.6129032258064516,31,27.0,1500.0,1568.0,16996.0,24405.0,6.0,15.0,0.0,4.0,11.0,0.0,0.00515,0.021776,0.0,28.57142857142857,26.666666666666668,19.126494837703337,2,2,45842,-0.003
Perry,2022,0.625,0.8333333333333334,24,20.0,614.0,644.0,7959.0,11545.0,14.0,7.0,1.0,10.0,6.0,1.0,0.05111,0.014,0.002,63.63636363636363,58.82352941176471,76.15854567128595,2,2,45842,-0.003
Northampton,2018,0.9367088607594937,0.8607594936708861,79,442.0,12900.0,16220.0,177916.0,166875.0,4.0,8.0,0.0,5.0,8.0,0.0,18.4347,4.7757000000000005,0.0,33.33333333333333,38.46153846153847,79.42430979216213,23,10,312951,0.051
Northampton,2019,0.9466666666666667,0.8533333333333334,75,310.0,9607.0,13885.0,164415.0,150418.0,2.0,14.0,0.0,4.0,12.0,0.0,3.7427,0.063223,0.0,12.5,25.0,98.33882608765339,23,10,312951,0.051
Northampton,2022,0.828125,0.765625,64,88.0,3311.0,4911.0,64205.0,61383.0,13.0,12.0,0.0,15.0,7.0,0.0,1.13093,0.02272,0.0,52.0,68.18181818181817,98.0305985350843,23,10,312951,0.051
Northampton,2020,0.8846153846153846,0.7948717948717948,78,189.0,7882.0,11966.0,153338.0,130165.0,3.0,18.0,1.0,3.0,18.0,0.0,0.01213,0.19343,2.0,13.636363636363635,14.285714285714285,0.5499737028237726,23,10,312951,0.051
Northampton,2021,0.8285714285714286,0.8285714285714286,70,206.0,7325.0,11477.0,144449.0,128698.0,7.0,15.0,0.0,2.0,12.0,0.0,0.0246,0.06756999999999999,0.0,31.818181818181817,14.285714285714285,26.689812303352507,23,10,312951,0.051
Adams,2018,0.782608695652174,0.8260869565217391,23,128.0,4869.0,4426.0,39735.0,60109.0,1.0,7.0,0.0,1.0,7.0,0.0,0.00112,0.006431,0.0,12.5,12.5,14.832472520196,12,2,103852,0.024
Adams,2019,0.6666666666666666,0.9333333333333333,30,69.0,3746.0,3694.0,36554.0,53256.0,2.0,12.0,0.0,4.0,14.0,0.0,0.00202,0.044451,0.0,14.285714285714285,22.22222222222222,4.346796927115836,12,2,103852,0.024
Adams,2020,0.717948717948718,0.8205128205128205,39,42.0,3110.0,3302.0,34443.0,48631.0,6.0,14.0,0.0,4.0,12.0,0.0,0.002471,0.077183,0.0,30.0,25.0,3.10216687172019,12,2,103852,0.024
Adams,2021,0.8,0.85,40,44.0,2850.0,3140.0,34496.0,48070.0,8.0,16.0,0.0,10.0,20.0,0.0,0.0327,0.0615,0.0,33.33333333333333,33.33333333333333,34.71337579617834,12,2,103852,0.024
Adams,2022,0.7647058823529411,0.9411764705882353,17,26.0,1340.0,1342.0,16280.0,23422.0,1.0,6.0,0.0,1.0,8.0,0.0,1e-06,0.04,0.0,14.285714285714285,11.11111111111111,0.0024999375015624607,12,2,103852,0.024
Cambria,2018,0.6428571428571429,0.3163265306122449,98,146.0,11063.0,10584.0,110458.0,128877.0,1.0,4.0,0.0,0.0,2.0,0.0,0.005,0.00316,0.0,20.0,0.0,61.27450980392156,21,14,133472,-0.071
Cambria,2022,0.7565217391304347,0.7565217391304347,115,24.0,2600.0,2354.0,33639.0,37753.0,0.0,10.0,0.0,0.0,3.0,0.0,0.0,0.0892,0.0,0.0,0.0,0.0,21,14,133472,-0.071
Cambria,2019,0.7094017094017094,0.4017094017094017,117,108.0,8058.0,8054.0,93799.0,110573.0,0.0,5.0,0.0,0.0,3.0,0.0,0.0,0.04951,0.0,0.0,0.0,0.0,21,14,133472,-0.071
Cambria,2020,0.7151898734177216,0.879746835443038,158,73.0,6404.0,6626.0,84164.0,88138.0,2.0,4.0,0.0,2.0,6.0,0.0,0.012450000000000001,0.00538,0.0,33.33333333333333,25.0,69.82613572630399,21,14,133472,-0.071
Cambria,2021,0.6272727272727273,0.7727272727272727,110,69.0,5744.0,5627.0,77651.0,79852.0,2.0,11.0,0.0,1.0,7.0,0.0,0.0641,0.0103,0.0,15.384615384615385,12.5,86.15591397849462,21,14,133472,-0.071
Schuylkill,2018,0.5714285714285714,0.6,35,229.0,7410.0,9649.0,97767.0,107917.0,13.0,32.0,10.0,3.0,32.0,2.0,0.018119999999999997,0.20729999999999998,0.00036,23.636363636363637,8.108108108108109,8.02551155992559,8,11,143049,-0.035
Schuylkill,2019,0.7368421052631579,0.7368421052631579,38,198.0,5250.0,7425.0,84997.0,89368.0,11.0,39.0,0.0,13.0,29.0,0.0,0.023629999999999998,3.150126,0.0,22.0,30.952380952380953,0.7445436889288275,8,11,143049,-0.035
Schuylkill,2022,0.6363636363636364,0.6545454545454545,55,55.0,1783.0,2368.0,27083.0,34270.0,36.0,5.0,0.0,18.0,0.0,0.0,1.333389,0.08460000000000001,0.0,87.8048780487805,100.0,94.03380421145721,8,11,143049,-0.035
Schuylkill,2020,0.6739130434782609,0.7608695652173914,46,126.0,4333.0,6333.0,77333.0,79921.0,13.0,28.0,1.0,14.0,27.0,2.0,0.5576099999999999,0.07268100000000001,0.001,30.952380952380953,32.55813953488372,88.3285204446127,8,11,143049,-0.035
Schuylkill,2021,0.6274509803921569,0.6666666666666666,51,123.0,3893.0,5809.0,74484.0,74643.0,23.0,34.0,0.0,12.0,28.0,0.0,0.04795,0.077823,0.0,40.35087719298245,30.0,38.12423970168478,8,11,143049,-0.035
Clearfield,2018,0.9,0.9,10,95.0,4529.0,5463.0,71509.0,63697.0,1.0,4.0,0.0,2.0,7.0,0.0,0.0283,2.0016,0.0,20.0,22.22222222222222,1.3941573476525935,8,6,80562,-0.013
Clearfield,2022,0.8181818181818182,0.7575757575757576,33,24.0,1045.0,1381.0,30233.0,22862.0,8.0,19.0,0.0,9.0,12.0,0.0,0.01412,0.074011,0.0,29.629629629629626,42.857142857142854,16.021604202834418,8,6,80562,-0.013
Clearfield,2019,1.0,1.0,2,83.0,3097.0,4315.0,68940.0,55708.0,3.0,8.0,0.0,4.0,8.0,0.0,0.003,0.00541,0.0,27.27272727272727,33.33333333333333,35.6718192627824,8,6,80562,-0.013
Clearfield,2020,0.6666666666666666,0.6666666666666666,18,45.0,2502.0,3771.0,66221.0,50032.0,3.0,20.0,1.0,6.0,17.0,1.0,0.004,0.06068,0.0007,12.5,25.0,6.11807892321811,8,6,80562,-0.013
Clearfield,2021,0.6666666666666666,0.6666666666666666,33,56.0,2354.0,3369.0,65499.0,48103.0,4.0,22.0,1.0,5.0,21.0,1.0,0.0055,0.13863999999999999,0.001,14.814814814814813,18.51851851851852,3.789444674107758,8,6,80562,-0.013
Tioga,2018,0.4782608695652174,0.6956521739130435,23,59.0,2076.0,2110.0,22140.0,24595.0,0.0,9.0,0.0,0.0,7.0,0.0,0.0,0.03515,0.0,0.0,0.0,0.0,6,5,41045,-0.022
Tioga,2019,0.7727272727272727,0.7272727272727273,22,30.0,1479.0,1687.0,18349.0,20696.0,0.0,11.0,0.0,0.0,3.0,0.0,0.0,0.1801,0.0,0.0,0.0,0.0,6,5,41045,-0.022
Tioga,2020,0.35294117647058826,0.7058823529411765,17,8.0,1352.0,1551.0,17555.0,19138.0,0.0,5.0,0.0,0.0,0.0,0.0,0.0,0.0045000000000000005,0.0,0.0,,0.0,6,5,41045,-0.022
Tioga,2021,0.5833333333333334,0.7083333333333334,24,12.0,1318.0,1455.0,17467.0,18969.0,4.0,8.0,0.0,0.0,11.0,0.0,0.019,0.021,0.0,33.33333333333333,0.0,47.5,6,5,41045,-0.022
Tioga,2022,0.5333333333333333,0.8,15,6.0,586.0,565.0,7786.0,9328.0,8.0,9.0,0.0,30.0,9.0,0.0,0.11195000000000001,0.10157,0.0,47.05882352941176,76.92307692307693,52.430685650056205,6,5,41045,-0.022
Columbia,2018,0.6923076923076923,0.6153846153846154,13,60.0,2990.0,3161.0,45740.0,42688.0,0.0,4.0,0.0,0.0,4.0,0.0,0.0,0.00147,0.0,0.0,0.0,0.0,5,4,64727,-0.038
Columbia,2022,0.5384615384615384,0.7948717948717948,78,11.0,691.0,800.0,14931.0,14697.0,2.0,4.0,0.0,1.0,5.0,0.0,0.00126,0.1,0.0,33.33333333333333,16.666666666666664,1.2443215484890382,5,4,64727,-0.038
Columbia,2019,1.0,0.7777777777777778,9,43.0,2200.0,2502.0,39128.0,36619.0,1.0,5.0,0.0,1.0,4.0,0.0,4e-06,0.0801,0.0,16.666666666666664,20.0,0.0049935084390292615,5,4,64727,-0.038
Columbia,2021,0.5961538461538461,0.7692307692307693,52,54.0,1600.0,1991.0,31647.0,30192.0,5.0,4.0,0.0,10.0,6.0,0.0,0.1225,0.012029999999999999,0.0,55.55555555555556,62.5,91.057756634208,5,4,64727,-0.038
Columbia,2020,0.6470588235294118,0.7941176470588235,34,26.0,1837.0,2158.0,34275.0,31910.0,2.0,5.0,0.0,2.0,4.0,0.0,0.00205,0.0102,0.0,28.57142857142857,33.33333333333333,16.73469387755102,5,4,64727,-0.038
Fulton,2018,0.0,0.5,2,0.0,558.0,681.0,8675.0,7985.0,1.0,4.0,0.0,2.0,5.0,0.0,1e-06,0.01711,0.0,20.0,28.57142857142857,0.005844193793466191,2,3,14556,-0.019
Fulton,2019,0.5,1.0,6,,419.0,552.0,7290.0,7137.0,0.0,4.0,0.0,0.0,5.0,0.0,0.0,0.0084,0.0,0.0,0.0,0.0,2,3,14556,-0.019
Fulton,2020,0.5454545454545454,0.7272727272727273,11,0.0,295.0,430.0,6228.0,6341.0,0.0,7.0,0.0,0.0,4.0,0.0,0.0,0.0098,0.0,0.0,0.0,0.0,2,3,14556,-0.019
Fulton,2021,0.46153846153846156,0.6923076923076923,13,0.0,322.0,449.0,6466.0,6447.0,2.0,8.0,0.0,0.0,8.0,0.0,0.0023,0.0406,0.0,20.0,0.0,5.361305361305362,2,3,14556,-0.019
Fulton,2022,0.6,0.8,10,,159.0,220.0,3396.0,3349.0,0.0,2.0,0.0,0.0,1.0,0.0,0.0,0.0045000000000000005,0.0,0.0,0.0,0.0,2,3,14556,-0.019
Wyoming,2018,0.5882352941176471,0.5882352941176471,17,25.0,1744.0,1937.0,14945.0,21606.0,0.0,9.0,0.0,0.0,16.0,0.0,0.0,0.1948,0.0,0.0,0.0,0.0,2,3,26069,-0.078
Wyoming,2019,0.5,0.625,8,6.0,1315.0,1487.0,12845.0,17869.0,0.0,5.0,0.0,0.0,9.0,0.0,0.0,0.01165,0.0,0.0,0.0,0.0,2,3,26069,-0.078
Wyoming,2020,0.5714285714285714,0.7142857142857143,7,,1046.0,1209.0,12059.0,16040.0,1.0,3.0,0.0,1.0,3.0,0.0,0.002,0.007,0.0,25.0,25.0,22.22222222222222,2,3,26069,-0.078
Wyoming,2021,0.5555555555555556,0.8888888888888888,9,14.0,887.0,1131.0,11304.0,15040.0,1.0,2.0,0.0,0.0,1.0,0.0,0.0232,0.0064,0.0,33.33333333333333,0.0,78.37837837837837,2,3,26069,-0.078
Wyoming,2022,0.6666666666666666,0.3333333333333333,3,0.0,445.0,482.0,5285.0,7371.0,0.0,1.0,0.0,0.0,2.0,0.0,0.0,0.001,0.0,0.0,0.0,0.0,2,3,26069,-0.078
Butler,2018,0.7567567567567568,0.7297297297297297,37,252.0,9658.0,10765.0,146479.0,129049.0,0.0,26.0,0.0,0.0,49.0,0.0,0.0,0.11505,0.0,0.0,0.0,0.0,12,13,193763,0.054
Butler,2019,0.8235294117647058,0.8627450980392157,51,219.0,7650.0,9478.0,145769.0,118905.0,7.0,35.0,0.0,2.0,70.0,0.0,0.0177,0.25617100000000004,0.0,16.666666666666664,2.7777777777777777,6.462896765265398,12,13,193763,0.054
Butler,2022,0.55,0.525,40,72.0,2762.0,3388.0,51322.0,49159.0,21.0,43.0,0.0,21.0,60.0,0.0,0.14289,0.26478999999999997,0.0,32.8125,25.925925925925924,35.049548665620094,12,13,193763,0.054
Butler,2020,0.7777777777777778,0.7037037037037037,54,148.0,6593.0,8684.0,132769.0,109801.0,18.0,40.0,0.0,22.0,49.0,0.0,0.1855,0.86619,0.0,31.03448275862069,30.985915492957744,17.638277439169336,12,13,193763,0.054
Butler,2021,0.7954545454545454,0.6818181818181818,44,155.0,5974.0,8148.0,117472.0,104589.0,11.0,50.0,0.0,19.0,71.0,0.0,0.03518,0.0943,0.0,18.0327868852459,21.11111111111111,27.170219338894043,12,13,193763,0.054
Somerset,2018,0.42857142857142855,0.6666666666666666,21,47.0,4306.0,4503.0,40351.0,57966.0,2.0,14.0,0.0,2.0,14.0,0.0,2.5,1.153612,0.0,12.5,12.5,68.42543762172886,2,4,74129,-0.046
Somerset,2022,0.5217391304347826,0.6086956521739131,23,6.0,1078.0,1177.0,13747.0,18399.0,3.0,22.0,0.0,4.0,23.0,0.0,3.0032,0.06733,0.0,12.0,14.814814814814813,97.80721894917164,2,4,74129,-0.046
Somerset,2019,0.6111111111111112,0.6666666666666666,18,32.0,3163.0,3590.0,33932.0,50468.0,1.0,23.0,0.0,1.0,25.0,0.0,0.002,6.102178000000001,0.0,4.166666666666666,3.8461538461538463,0.03276444428717511,2,4,74129,-0.046
Somerset,2020,0.5769230769230769,0.5384615384615384,26,33.0,2554.0,2936.0,30829.0,40804.0,1.0,38.0,0.0,0.0,63.0,0.0,1e-06,0.191457,0.0,2.564102564102564,0.0,0.0005223077646272289,2,4,74129,-0.046
Somerset,2021,0.4074074074074074,0.4444444444444444,27,30.0,2367.0,2632.0,29021.0,38450.0,4.0,29.0,0.0,5.0,27.0,0.0,1.9379999999999997,0.09466000000000001,0.0,12.121212121212121,15.625,95.34304802573966,2,4,74129,-0.046
Fayette,2018,0.6176470588235294,0.7058823529411765,34,197.0,10308.0,10405.0,111759.0,141850.0,2.0,51.0,2.0,1.0,48.0,3.0,0.00101,0.32722,0.001002,3.6363636363636362,1.9230769230769231,0.3067745541138164,8,13,128804,-0.057
Fayette,2022,0.5853658536585366,0.5609756097560976,41,49.0,2805.0,2254.0,40728.0,49229.0,12.0,61.0,0.0,16.0,58.0,0.0,0.156455,0.734635,0.0,16.43835616438356,21.62162162162162,17.557710220067555,8,13,128804,-0.057
Fayette,2019,0.7333333333333333,0.7,30,154.0,8241.0,7478.0,99924.0,126223.0,4.0,57.0,1.0,5.0,55.0,1.0,0.000705,0.476692,1e-06,6.451612903225806,8.19672131147541,0.14767552440521325,8,13,128804,-0.057
Fayette,2020,0.66,0.76,50,85.0,6556.0,5793.0,92450.0,111449.0,11.0,92.0,2.0,16.0,111.0,2.0,0.060094999999999996,0.49523400000000006,0.008,10.476190476190476,12.4031007751938,10.667833539547935,8,13,128804,-0.057
Fayette,2021,0.6521739130434783,0.7391304347826086,46,97.0,5925.0,5118.0,86053.0,105351.0,21.0,140.0,0.0,33.0,167.0,0.0,0.541515,0.952737,0.0,13.043478260869565,16.5,36.23987118638623,8,13,128804,-0.057
Indiana,2018,0.5652173913043478,0.5217391304347826,23,83.0,4023.0,4179.0,73352.0,54719.0,2.0,31.0,0.0,2.0,26.0,0.0,0.00603,0.186648,0.0,6.0606060606060606,7.142857142857142,3.1295736928969573,5,6,83246,-0.063
Indiana,2022,0.5476190476190477,0.47619047619047616,42,13.0,1018.0,1056.0,18470.0,18196.0,2.0,48.0,0.0,1.0,50.0,0.0,0.0383,0.13431800000000002,0.0,4.0,1.9607843137254901,22.187720863409375,5,6,83246,-0.063
Indiana,2019,0.71875,0.6875,32,93.0,2990.0,3170.0,61913.0,46493.0,5.0,51.0,0.0,5.0,40.0,0.0,0.009814,0.059461,0.0,8.928571428571429,11.11111111111111,14.166726813424754,5,6,83246,-0.063
Indiana,2020,0.6666666666666666,0.7222222222222222,36,27.0,2517.0,2549.0,50983.0,41062.0,9.0,55.0,1.0,19.0,62.0,1.0,0.045044,0.101332,0.0001,13.846153846153847,23.170731707317074,30.751795515988967,5,6,83246,-0.063
Indiana,2021,0.5853658536585366,0.5121951219512195,41,32.0,2236.0,2362.0,44441.0,38662.0,5.0,67.0,0.0,6.0,54.0,0.0,0.057800000000000004,0.292617,0.0,6.944444444444445,10.0,16.49463353661495,5,6,83246,-0.063
Jefferson,2018,0.5,0.75,4,56.0,2291.0,2971.0,24314.0,32167.0,0.0,5.0,0.0,0.0,5.0,0.0,0.0,0.0036,0.0,0.0,0.0,0.0,6,3,44492,-0.016
Jefferson,2019,0.6363636363636364,0.6363636363636364,11,34.0,1709.0,2420.0,22041.0,28975.0,0.0,6.0,0.0,0.0,5.0,0.0,0.0,0.012302,0.0,0.0,0.0,0.0,6,3,44492,-0.016
Jefferson,2020,0.36363636363636365,0.5454545454545454,11,6.0,1475.0,2166.0,20584.0,27200.0,1.0,14.0,0.0,0.0,16.0,0.0,0.0007,0.0543,0.0,6.666666666666667,0.0,1.2727272727272727,6,3,44492,-0.016
Jefferson,2021,0.5,0.625,8,12.0,1543.0,1922.0,19951.0,26472.0,0.0,10.0,0.0,0.0,18.0,0.0,0.0,0.10600000000000001,0.0,0.0,0.0,0.0,6,3,44492,-0.016
Jefferson,2022,0.75,0.875,8,10.0,692.0,903.0,9792.0,12790.0,1.0,4.0,0.0,1.0,2.0,0.0,0.001,0.00475,0.0,20.0,33.33333333333333,17.391304347826086,6,3,44492,-0.016
Clarion,2018,0.0,0.0,2,40.0,1526.0,1929.0,22083.0,29686.0,2.0,2.0,0.0,3.0,2.0,0.0,0.08412,0.0018230000000000002,0.0,50.0,60.0,97.87882666418439,4,2,37241,-0.069
Clarion,2019,0.4,0.4,5,33.0,1193.0,1534.0,19439.0,26743.0,3.0,3.0,0.0,3.0,3.0,0.0,0.0011,0.009095,0.0,50.0,50.0,10.789602746444334,4,2,37241,-0.069
Clarion,2020,0.3333333333333333,0.3333333333333333,6,,1106.0,1324.0,18383.0,21248.0,0.0,2.0,0.0,0.0,3.0,0.0,0.0,0.0023,0.0,0.0,0.0,0.0,4,2,37241,-0.069
Clarion,2021,0.625,0.625,8,,1062.0,1295.0,17734.0,20203.0,1.0,2.0,0.0,1.0,2.0,0.0,0.005,0.0041,0.0,33.33333333333333,33.33333333333333,54.94505494505494,4,2,37241,-0.069
Clarion,2022,0.42857142857142855,0.5714285714285714,7,6.0,521.0,574.0,8724.0,10090.0,0.0,2.0,0.0,0.0,1.0,0.0,0.0,0.002,0.0,0.0,0.0,0.0,4,2,37241,-0.069
Bedford,2018,0.8888888888888888,0.8888888888888888,9,50.0,2297.0,2839.0,24610.0,30123.0,3.0,9.0,1.0,5.0,12.0,1.0,0.00164,0.00312,0.001,23.076923076923077,27.77777777777778,28.472222222222225,5,2,47577,-0.044
Bedford,2019,0.3333333333333333,0.3333333333333333,6,28.0,1603.0,2423.0,19815.0,26183.0,2.0,9.0,0.0,4.0,13.0,0.0,0.003,0.01426,0.0,18.181818181818183,23.52941176470588,17.381228273464657,5,2,47577,-0.044
Bedford,2022,0.5714285714285714,0.6428571428571429,14,9.0,603.0,802.0,7257.0,10745.0,8.0,9.0,0.0,10.0,11.0,0.0,0.01784,0.25926,0.0,47.05882352941176,47.61904761904761,6.438108985925658,5,2,47577,-0.044
Bedford,2020,0.5263157894736842,0.42105263157894735,19,,1343.0,2004.0,18315.0,23513.0,2.0,17.0,0.0,4.0,19.0,0.0,0.00152,0.02916,0.0,10.526315789473683,17.391304347826086,4.9543676662320735,5,2,47577,-0.044
Bedford,2021,0.35294117647058826,0.47058823529411764,17,19.0,1226.0,1900.0,18516.0,22748.0,1.0,18.0,2.0,1.0,19.0,1.0,0.002,0.037,0.0011,4.761904761904762,4.761904761904762,4.987531172069826,5,2,47577,-0.044
Greene,2018,0.5,0.25,4,52.0,1905.0,1817.0,25144.0,37215.0,0.0,2.0,0.0,0.0,1.0,0.0,0.0,0.01915,0.0,0.0,0.0,0.0,3,3,35954,-0.071
Greene,2019,0.6666666666666666,0.6666666666666666,3,38.0,1526.0,1437.0,23170.0,32575.0,0.0,3.0,0.0,0.0,2.0,0.0,0.0,0.004,0.0,0.0,0.0,0.0,3,3,35954,-0.071
Greene,2020,1.0,0.5,2,9.0,1287.0,1188.0,21550.0,25661.0,0.0,5.0,0.0,0.0,4.0,0.0,0.0,0.02845,0.0,0.0,0.0,0.0,3,3,35954,-0.071
Greene,2021,0.0,0.25,4,18.0,1204.0,1068.0,21077.0,25210.0,0.0,3.0,0.0,0.0,4.0,0.0,0.0,0.0016,0.0,0.0,0.0,0.0,3,3,35954,-0.071
Greene,2022,1.0,1.0,1,,592.0,497.0,9864.0,12060.0,0.0,3.0,0.0,0.0,2.0,0.0,0.0,0.0008,0.0,0.0,0.0,0.0,3,3,35954,-0.071
Huntingdon,2018,0.5,0.7142857142857143,14,56.0,2268.0,2283.0,20238.0,28065.0,3.0,12.0,0.0,3.0,9.0,0.0,0.003627,0.015885000000000003,0.0,20.0,25.0,18.588560885608853,5,2,44092,-0.04
Huntingdon,2019,0.4,0.5,10,42.0,1615.0,1788.0,17137.0,24479.0,4.0,10.0,2.0,3.0,9.0,4.0,0.001253,0.009093,5.2000000000000004e-05,25.0,18.75,12.050394306597422,5,2,44092,-0.04
Huntingdon,2020,0.35294117647058826,0.6470588235294118,17,,1177.0,1400.0,14693.0,20411.0,2.0,24.0,0.0,3.0,24.0,0.0,0.003,0.05828,0.0,7.6923076923076925,11.11111111111111,4.89556135770235,5,2,44092,-0.04
Huntingdon,2021,0.2857142857142857,0.5,14,12.0,1015.0,1312.0,14624.0,20046.0,8.0,23.0,0.0,4.0,21.0,0.0,0.006070000000000001,0.056319999999999995,0.0,25.806451612903224,16.0,9.729123256932203,5,2,44092,-0.04
Huntingdon,2022,0.5,0.5,12,6.0,489.0,521.0,7212.0,9608.0,4.0,12.0,0.0,3.0,14.0,0.0,0.0323,0.01805,0.0,25.0,17.647058823529413,64.15094339622641,5,2,44092,-0.04
Union,2018,0.6666666666666666,1.0,3,7.0,1438.0,1676.0,22373.0,19650.0,0.0,4.0,0.0,0.0,4.0,0.0,0.0,0.02423,0.0,0.0,0.0,0.0,5,4,42681,-0.05
Union,2019,0.5,0.5,4,6.0,1032.0,1339.0,19641.0,17666.0,0.0,5.0,0.0,0.0,4.0,0.0,0.0,0.00525,0.0,0.0,0.0,0.0,5,4,42681,-0.05
Union,2020,0.4,0.4,5,12.0,880.0,1183.0,17997.0,16381.0,5.0,11.0,0.0,2.0,5.0,0.0,1.00233,0.07800800000000001,0.0,31.25,28.57142857142857,92.77929684968963,5,4,42681,-0.05
Union,2021,0.6,0.8,5,,845.0,1083.0,17548.0,15775.0,3.0,5.0,0.0,3.0,3.0,0.0,1.0020499999999999,0.00703,0.0,37.5,50.0,99.30332580172036,5,4,42681,-0.05
Union,2022,0.75,1.0,4,,379.0,421.0,8755.0,7707.0,1.0,1.0,0.0,0.0,1.0,0.0,0.001,0.0066,0.0,50.0,0.0,13.157894736842104,5,4,42681,-0.05
Montour,2018,0.42857142857142855,0.8571428571428571,7,9.0,832.0,731.0,19365.0,11307.0,0.0,2.0,0.0,0.0,2.0,0.0,0.0,0.0345,0.0,0.0,0.0,0.0,3,2,18136,-0.007
Montour,2019,0.8333333333333334,0.8333333333333334,6,14.0,585.0,565.0,17096.0,9692.0,0.0,4.0,0.0,0.0,6.0,0.0,0.0,0.3778,0.0,0.0,0.0,0.0,3,2,18136,-0.007
Montour,2020,0.6666666666666666,0.75,12,0.0,452.0,489.0,15771.0,8680.0,1.0,3.0,0.0,0.0,2.0,0.0,0.0005,0.0005600000000000001,0.0,25.0,0.0,47.16981132075471,3,2,18136,-0.007
Montour,2021,0.8,0.8,10,0.0,425.0,434.0,16043.0,8245.0,0.0,4.0,0.0,0.0,0.0,0.0,0.0,0.015,0.0,0.0,,0.0,3,2,18136,-0.007
Montour,2022,0.5,0.75,8,,212.0,172.0,7585.0,4169.0,0.0,1.0,0.0,0.0,0.0,0.0,0.0,0.002,0.0,0.0,,0.0,3,2,18136,-0.007
Warren,2022,0.7142857142857143,0.8571428571428571,7,6.0,674.0,675.0,8381.0,11887.0,0.0,1.0,0.0,0.0,1.0,0.0,0.0,0.0015,0.0,0.0,0.0,0.0,4,3,38587,-0.077
Warren,2019,0.6666666666666666,1.0,3,43.0,1962.0,2395.0,22190.0,35921.0,0.0,1.0,0.0,0.0,4.0,0.0,0.0,0.001,0.0,0.0,0.0,0.0,4,3,38587,-0.077
Warren,2020,0.5,0.25,4,25.0,1670.0,2157.0,19378.0,28632.0,0.0,2.0,0.0,0.0,1.0,0.0,0.0,0.0002,0.0,0.0,0.0,0.0,4,3,38587,-0.077
Warren,2021,0.0,0.0,2,,1515.0,1900.0,18302.0,27198.0,0.0,2.0,0.0,0.0,2.0,0.0,0.0,0.003,0.0,0.0,0.0,0.0,4,3,38587,-0.077
Clinton,2019,0.2,0.6,5,,1818.0,2126.0,23520.0,27062.0,1.0,4.0,1.0,1.0,1.0,1.0,0.000813,0.0093,5e-05,16.666666666666664,33.33333333333333,7.999606415428517,4,2,37450,-0.046
Clinton,2020,0.4,0.8,5,,1600.0,1942.0,21711.0,30419.0,1.0,1.0,0.0,1.0,0.0,0.0,0.011,0.001,0.0,50.0,100.0,91.66666666666666,4,2,37450,-0.046
Clinton,2021,0.8,0.6,5,,1457.0,1812.0,20886.0,30248.0,5.0,2.0,0.0,8.0,2.0,0.0,0.02504,0.0006000000000000001,0.0,71.42857142857143,80.0,97.65990639625585,4,2,37450,-0.046
Clinton,2022,0.5,0.5,2,,670.0,591.0,10015.0,13831.0,3.0,1.0,0.0,3.0,1.0,0.0,0.5888,0.006,0.0,75.0,75.0,98.99125756556826,4,2,37450,-0.046
Venango,2019,1.0,1.0,2,29.0,2429.0,2105.0,28115.0,40357.0,1.0,3.0,0.0,1.0,2.0,0.0,0.0005,0.0025,0.0,25.0,33.33333333333333,16.666666666666664,4,6,50454,-0.082
Venango,2020,0.7,0.6,10,32.0,2299.0,1722.0,27993.0,35983.0,1.0,4.0,0.0,2.0,4.0,0.0,0.106,0.00365,0.0,20.0,33.33333333333333,96.67122663018695,4,6,50454,-0.082
Venango,2021,0.4,0.8,5,6.0,2103.0,1502.0,27160.0,33515.0,2.0,3.0,0.0,2.0,2.0,0.0,0.002,0.00218,0.0,40.0,50.0,47.84688995215311,4,6,50454,-0.082
Venango,2022,0.42857142857142855,0.42857142857142855,7,,1041.0,675.0,9938.0,15328.0,4.0,4.0,0.0,4.0,5.0,0.0,0.0084,0.0068000000000000005,0.0,50.0,44.44444444444444,55.263157894736835,4,6,50454,-0.082
Forest,2019,1.0,1.0,1,0.0,267.0,308.0,2610.0,4202.0,0.0,2.0,0.0,0.0,0.0,0.0,0.0,0.000675,0.0,0.0,,0.0,2,3,6973,-0.096
Potter,2020,1.0,1.0,2,,609.0,515.0,7350.0,10068.0,0.0,1.0,0.0,0.0,0.0,0.0,0.0,0.0001,0.0,0.0,,0.0,5,1,16396,-0.061
Potter,2021,0.3333333333333333,0.3333333333333333,3,6.0,582.0,513.0,7141.0,10048.0,0.0,5.0,0.0,0.0,5.0,0.0,0.0,0.007,0.0,0.0,0.0,0.0,5,1,16396,-0.061
Potter,2022,1.0,1.0,1,,241.0,211.0,3687.0,4960.0,0.0,2.0,0.0,0.0,2.0,0.0,0.0,0.0055,0.0,0.0,0.0,0.0,5,1,16396,-0.061
Sullivan,2021,0.0,0.0,1,0.0,322.0,301.0,1395.0,3371.0,0.0,3.0,0.0,0.0,2.0,0.0,0.0,0.00151,0.0,0.0,0.0,0.0,2,1,5840,-0.091
