,Area Name,County Code,State FIPS Code,County FIPS Code,Calendar Year,Benchmark Year,Labor Force,Employed,Unemployed,Unemployment Rate,Latitude,Longitude,Georeferenced Latitude & Longitude,Pennsylvania County Boundaries,Pa Senatorial Districts (2017-01),Municipality Boundary,Pa House Districts (2017-01),Pa School Districts (2017)
0,Allegheny County,02,42,003,2017,2017,645900,615200,30700,4.8,40.46735543,-79.98619843,"{'type': 'Point', 'coordinates': [-79.98619843, 40.46735543]}",40,6,2158,163,324
1,Armstrong County,03,42,005,2018,2018,32100,30500,1600,5,40.81509526,-79.47316899,"{'type': 'Point', 'coordinates': [-79.47316899, 40.81509526]}",41,15,834,11,106
2,Juniata County,34,42,067,2017,2017,12400,11800,600,4.6,40.53433008,-77.405775,"{'type': 'Point', 'coordinates': [-77.405775, 40.53433008]}",21,18,53,36,201
3,Adams County,01,42,001,2016,2017,55400,53200,2200,4,39.87209565,-77.22224271,"{'type': 'Point', 'coordinates': [-77.22224271, 39.87209565]}",39,19,1949,35,92
4,Cumberland County,21,42,041,2017,2017,130000,125000,5000,3.8,40.16759839,-77.26866271,"{'type': 'Point', 'coordinates': [-77.26866271, 40.16759839]}",17,20,2128,40,146
5,Lackawanna County,35,42,069,2018,2018,105300,100500,4800,4.6,41.43910064,-75.61218345,"{'type': 'Point', 'coordinates': [-75.61218345, 41.43910064]}",22,34,1283,125,253
6,Northampton County,48,42,095,2017,2017,158700,150900,7800,4.9,40.7545954,-75.31263726,"{'type': 'Point', 'coordinates': [-75.31263726, 40.7545954]}",59,38,1339,113,280
7,Berks County,06,42,011,2016,2017,213300,202700,10600,5,40.41939635,-75.93077327,"{'type': 'Point', 'coordinates': [-75.93077327, 40.41939635]}",45,27,191,46,435
8,Pike County,52,42,103,2017,2017,24800,23400,1500,5.9,41.332572,-75.03270924,"{'type': 'Point', 'coordinates': [-75.03270924, 41.332572]}",62,29,1997,109,169
9,Wyoming County,66,42,131,2018,2018,13700,13100,600,4.5,41.51892488,-76.01813003,"{'type': 'Point', 'coordinates': [-76.01813003, 41.51892488]}",11,29,2460,91,444
10,Cambria County,11,42,021,2016,2017,61400,57200,4200,6.8,40.49127491,-78.71894174,"{'type': 'Point', 'coordinates': [-78.71894174, 40.49127491]}",2,16,1228,20,23
11,Somerset County,56,42,111,2016,2017,34200,31700,2500,7.2,39.97146299,-79.03100206,"{'type': 'Point', 'coordinates': [-79.03100206, 39.97146299]}",66,1,799,30,428
12,Blair County,07,42,013,2018,2018,59600,57000,2500,4.2,40.48555024,-78.34907687,"{'type': 'Point', 'coordinates': [-78.34907687, 40.48555024]}",46,17,294,28,268
13,Clinton County,18,42,035,2018,2018,18300,17400,1000,5.3,41.23286274,-77.6428376,"{'type': 'Point', 'coordinates': [-77.6428376, 41.23286274]}",9,14,1835,74,206
14,Lehigh County,39,42,077,2018,2018,190100,181400,8800,4.6,40.61464794,-75.60099481,"{'type': 'Point', 'coordinates': [-75.60099481, 40.61464794]}",26,36,506,115,336
15,Pennsylvania,00,42,,2018,2018,6424000,6149000,276000,4.3,39.346129,-75.167756,"{'type': 'Point', 'coordinates': [-75.167756, 39.346129]}",,,,,
16,Mercer County,43,42,085,2016,2017,52500,49400,3100,6,41.30237777,-80.26009411,"{'type': 'Point', 'coordinates': [-80.26009411, 41.30237777]}",54,3,1048,48,300
17,Erie County,25,42,049,2016,2017,133600,124900,8700,6.5,41.99413787,-80.0407591,"{'type': 'Point', 'coordinates': [-80.0407591, 41.99413787]}",30,3,1153,52,163
18,Lebanon County,38,42,075,2016,2017,70600,67400,3200,4.5,40.367597,-76.46182575,"{'type': 'Point', 'coordinates': [-76.46182575, 40.367597]}",25,28,371,130,44
19,Fayette County,26,42,051,2016,2017,58500,53700,4700,8.1,39.9194478,-79.65189635,"{'type': 'Point', 'coordinates': [-79.65189635, 39.9194478]}",31,1,435,8,204
20,Pike County,52,42,103,2016,2017,24900,23300,1600,6.4,41.332572,-75.03270924,"{'type': 'Point', 'coordinates': [-75.03270924, 41.332572]}",62,29,1997,109,169
21,Chester County,15,42,029,2016,2017,280400,269500,10900,3.9,39.97487056,-75.75626498,"{'type': 'Point', 'coordinates': [-75.75626498, 39.97487056]}",6,32,2415,147,69
22,Northumberland County,49,42,097,2018,2018,43100,40800,2300,5.2,40.85150926,-76.71188423,"{'type': 'Point', 'coordinates': [-76.71188423, 40.85150926]}",60,22,2094,73,375
23,Mercer County,43,42,085,2017,2017,51000,48200,2800,5.5,41.30237777,-80.26009411,"{'type': 'Point', 'coordinates': [-80.26009411, 41.30237777]}",54,3,1048,48,300
24,Sullivan County,57,42,113,2017,2017,2800,2600,200,5.8,41.4480994,-76.5147922,"{'type': 'Point', 'coordinates': [-76.5147922, 41.4480994]}",67,21,1389,88,416
25,Union County,60,42,119,2018,2018,19600,18900,700,3.7,40.96473131,-77.06415803,"{'type': 'Point', 'coordinates': [-77.06415803, 40.96473131]}",49,21,1979,72,296
26,Dauphin County,22,42,043,2018,2018,142400,136700,5700,4,40.41974636,-76.77960568,"{'type': 'Point', 'coordinates': [-76.77960568, 40.41974636]}",18,23,2368,41,25
27,Potter County,53,42,105,2018,2018,7200,6800,400,5.3,41.74420644,-77.89879229,"{'type': 'Point', 'coordinates': [-77.89879229, 41.74420644]}",63,14,2155,14,58
28,Cumberland County,21,42,041,2016,2017,130200,124900,5300,4.1,40.16759839,-77.26866271,"{'type': 'Point', 'coordinates': [-77.26866271, 40.16759839]}",17,20,2128,40,146
29,Montour County,47,42,093,2016,2017,9100,8700,400,4.3,41.02801824,-76.66470527,"{'type': 'Point', 'coordinates': [-76.66470527, 41.02801824]}",58,22,963,54,64
30,Fayette County,26,42,051,2017,2017,57800,53800,4000,6.9,39.9194478,-79.65189635,"{'type': 'Point', 'coordinates': [-79.65189635, 39.9194478]}",31,1,435,8,204
31,Clearfield County,17,42,033,2018,2018,35700,34000,1800,5,41.000429,-78.47558343,"{'type': 'Point', 'coordinates': [-78.47558343, 41.000429]}",8,16,276,19,141
32,Sullivan County,57,42,113,2016,2017,2900,2700,200,7.1,41.4480994,-76.5147922,"{'type': 'Point', 'coordinates': [-76.5147922, 41.4480994]}",67,21,1389,88,416
33,Cambria County,11,42,021,2017,2017,59800,56100,3600,6.1,40.49127491,-78.71894174,"{'type': 'Point', 'coordinates': [-78.71894174, 40.49127491]}",2,16,1228,20,23
34,Greene County,30,42,059,2016,2017,17300,16000,1300,7.7,39.85480393,-80.22943817,"{'type': 'Point', 'coordinates': [-80.22943817, 39.85480393]}",37,12,1570,1,481
35,Fulton County,29,42,057,2018,2018,7900,7600,300,3.9,39.92487511,-78.11485045,"{'type': 'Point', 'coordinates': [-78.11485045, 39.92487511]}",36,17,164,31,472
36,Mifflin County,44,42,087,2018,2018,20800,19800,1000,4.7,40.61274928,-77.62003089,"{'type': 'Point', 'coordinates': [-77.62003089, 40.61274928]}",55,18,587,36,295
37,Lehigh County,39,42,077,2017,2017,188800,179300,9500,5,40.61464794,-75.60099481,"{'type': 'Point', 'coordinates': [-75.60099481, 40.61464794]}",26,36,506,115,336
38,Potter County,53,42,105,2017,2017,7200,6800,500,6.6,41.74420644,-77.89879229,"{'type': 'Point', 'coordinates': [-77.89879229, 41.74420644]}",63,14,2155,14,58
39,Clearfield County,17,42,033,2017,2017,35900,33700,2100,6,41.000429,-78.47558343,"{'type': 'Point', 'coordinates': [-78.47558343, 41.000429]}",8,16,276,19,141
40,Cameron County,12,42,023,2018,2018,2100,2000,100,5,41.43880265,-78.20916932,"{'type': 'Point', 'coordinates': [-78.20916932, 41.43880265]}",3,14,1009,14,105
41,Venango County,61,42,121,2016,2017,23700,22000,1700,7.3,41.40341259,-79.76286561,"{'type': 'Point', 'coordinates': [-79.76286561, 41.40341259]}",50,5,1400,45,71
42,Wayne County,64,42,127,2017,2017,22500,21400,1100,5.1,41.64969805,-75.3051535,"{'type': 'Point', 'coordinates': [-75.3051535, 41.64969805]}",53,29,1928,89,433
43,Dauphin County,22,42,043,2017,2017,142000,135600,6400,4.5,40.41974636,-76.77960568,"{'type': 'Point', 'coordinates': [-76.77960568, 40.41974636]}",18,23,2368,41,25
44,Westmoreland County,65,42,129,2017,2017,181800,172400,9400,5.2,40.310315,-79.47134118,"{'type': 'Point', 'coordinates': [-79.47134118, 40.310315]}",24,13,2447,6,209
45,Northumberland County,49,42,097,2017,2017,43700,41200,2500,5.7,40.85150926,-76.71188423,"{'type': 'Point', 'coordinates': [-76.71188423, 40.85150926]}",60,22,2094,73,375
46,Allegheny County,02,42,003,2016,2017,647700,614100,33500,5.2,40.46735543,-79.98619843,"{'type': 'Point', 'coordinates': [-79.98619843, 40.46735543]}",40,6,2158,163,324
47,Blair County,07,42,013,2017,2017,60200,57300,2900,4.8,40.48555024,-78.34907687,"{'type': 'Point', 'coordinates': [-78.34907687, 40.48555024]}",46,17,294,28,268
48,Blair County,07,42,013,2016,2017,60900,57700,3200,5.3,40.48555024,-78.34907687,"{'type': 'Point', 'coordinates': [-78.34907687, 40.48555024]}",46,17,294,28,268
49,Union County,60,42,119,2016,2017,19800,18900,900,4.8,40.96473131,-77.06415803,"{'type': 'Point', 'coordinates': [-77.06415803, 40.96473131]}",49,21,1979,72,296
50,Pennsylvania,00,42,,2017,2018,6425000,6111000,314000,4.9,39.346129,-75.167756,"{'type': 'Point', 'coordinates': [-75.167756, 39.346129]}",,,,,
51,Clinton County,18,42,035,2017,2017,18300,17200,1100,6.2,41.23286274,-77.6428376,"{'type': 'Point', 'coordinates': [-77.6428376, 41.23286274]}",9,14,1835,74,206
52,Westmoreland County,65,42,129,2018,2018,180500,172500,8000,4.4,40.310315,-79.47134118,"{'type': 'Point', 'coordinates': [-79.47134118, 40.310315]}",24,13,2447,6,209
53,Lackawanna County,35,42,069,2017,2017,106300,100900,5500,5.1,41.43910064,-75.61218345,"{'type': 'Point', 'coordinates': [-75.61218345, 41.43910064]}",22,34,1283,125,253
54,Fulton County,29,42,057,2016,2017,7300,6800,500,6.3,39.92487511,-78.11485045,"{'type': 'Point', 'coordinates': [-78.11485045, 39.92487511]}",36,17,164,31,472
55,Lehigh County,39,42,077,2016,2017,189100,179000,10100,5.3,40.61464794,-75.60099481,"{'type': 'Point', 'coordinates': [-75.60099481, 40.61464794]}",26,36,506,115,336
56,Erie County,25,42,049,2018,2018,129300,123200,6100,4.7,41.99413787,-80.0407591,"{'type': 'Point', 'coordinates': [-80.0407591, 41.99413787]}",30,3,1153,52,163
57,Armstrong County,03,42,005,2017,2017,32700,30700,2000,6.1,40.81509526,-79.47316899,"{'type': 'Point', 'coordinates': [-79.47316899, 40.81509526]}",41,15,834,11,106
58,Somerset County,56,42,111,2018,2018,33600,31800,1700,5.1,39.97146299,-79.03100206,"{'type': 'Point', 'coordinates': [-79.03100206, 39.97146299]}",66,1,799,30,428
59,Dauphin County,22,42,043,2016,2017,142200,135400,6800,4.8,40.41974636,-76.77960568,"{'type': 'Point', 'coordinates': [-76.77960568, 40.41974636]}",18,23,2368,41,25
60,Allegheny County,02,42,003,2018,2018,645200,619100,26100,4,40.46735543,-79.98619843,"{'type': 'Point', 'coordinates': [-79.98619843, 40.46735543]}",40,6,2158,163,324
61,Greene County,30,42,059,2018,2018,16600,15800,800,4.9,39.85480393,-80.22943817,"{'type': 'Point', 'coordinates': [-80.22943817, 39.85480393]}",37,12,1570,1,481
62,Juniata County,34,42,067,2016,2017,12200,11500,700,5.4,40.53433008,-77.405775,"{'type': 'Point', 'coordinates': [-77.405775, 40.53433008]}",21,18,53,36,201
63,Erie County,25,42,049,2017,2017,130800,123200,7600,5.8,41.99413787,-80.0407591,"{'type': 'Point', 'coordinates': [-80.0407591, 41.99413787]}",30,3,1153,52,163
64,Venango County,61,42,121,2018,2018,22400,21300,1100,4.9,41.40341259,-79.76286561,"{'type': 'Point', 'coordinates': [-79.76286561, 41.40341259]}",50,5,1400,45,71
65,Westmoreland County,65,42,129,2016,2017,182900,172200,10700,5.9,40.310315,-79.47134118,"{'type': 'Point', 'coordinates': [-79.47134118, 40.310315]}",24,13,2447,6,209
66,Greene County,30,42,059,2017,2017,16800,15800,1000,5.9,39.85480393,-80.22943817,"{'type': 'Point', 'coordinates': [-80.22943817, 39.85480393]}",37,12,1570,1,481
67,Cumberland County,21,42,041,2018,2018,130300,126000,4300,3.3,40.16759839,-77.26866271,"{'type': 'Point', 'coordinates': [-77.26866271, 40.16759839]}",17,20,2128,40,146
68,Butler County,10,42,019,2016,2017,98600,93600,5000,5.1,40.91083185,-79.91711779,"{'type': 'Point', 'coordinates': [-79.91711779, 40.91083185]}",1,5,738,12,100
69,Pike County,52,42,103,2018,2018,24700,23400,1300,5.4,41.332572,-75.03270924,"{'type': 'Point', 'coordinates': [-75.03270924, 41.332572]}",62,29,1997,109,169
70,Potter County,53,42,105,2016,2017,7400,6800,600,7.8,41.74420644,-77.89879229,"{'type': 'Point', 'coordinates': [-77.89879229, 41.74420644]}",63,14,2155,14,58
71,Juniata County,34,42,067,2018,2018,12500,12000,500,4,40.53433008,-77.405775,"{'type': 'Point', 'coordinates': [-77.405775, 40.53433008]}",21,18,53,36,201
72,Berks County,06,42,011,2018,2018,212500,203700,8800,4.2,40.41939635,-75.93077327,"{'type': 'Point', 'coordinates': [-75.93077327, 40.41939635]}",45,27,191,46,435
73,McKean County,42,42,083,2017,2017,18100,17000,1100,6.2,41.81037074,-78.5712202,"{'type': 'Point', 'coordinates': [-78.5712202, 41.81037074]}",47,14,1778,14,424
74,Somerset County,56,42,111,2017,2017,33600,31500,2000,6.1,39.97146299,-79.03100206,"{'type': 'Point', 'coordinates': [-79.03100206, 39.97146299]}",66,1,799,30,428
75,Butler County,10,42,019,2017,2017,98300,93800,4500,4.6,40.91083185,-79.91711779,"{'type': 'Point', 'coordinates': [-79.91711779, 40.91083185]}",1,5,738,12,100
76,Sullivan County,57,42,113,2018,2018,2700,2600,100,5,41.4480994,-76.5147922,"{'type': 'Point', 'coordinates': [-76.5147922, 41.4480994]}",67,21,1389,88,416
77,Fulton County,29,42,057,2017,2017,7200,6800,400,5.1,39.92487511,-78.11485045,"{'type': 'Point', 'coordinates': [-78.11485045, 39.92487511]}",36,17,164,31,472
78,Lebanon County,38,42,075,2018,2018,71200,68500,2700,3.8,40.367597,-76.46182575,"{'type': 'Point', 'coordinates': [-76.46182575, 40.367597]}",25,28,371,130,44
79,Centre County,14,42,027,2016,2017,79000,75700,3300,4.2,40.9193135,-77.82500112,"{'type': 'Point', 'coordinates': [-77.82500112, 40.9193135]}",5,18,1790,74,37
80,Venango County,61,42,121,2017,2017,23100,21600,1400,6.1,41.40341259,-79.76286561,"{'type': 'Point', 'coordinates': [-79.76286561, 41.40341259]}",50,5,1400,45,71
81,McKean County,42,42,083,2016,2017,18500,17300,1200,6.6,41.81037074,-78.5712202,"{'type': 'Point', 'coordinates': [-78.5712202, 41.81037074]}",47,14,1778,14,424
82,Wyoming County,66,42,131,2017,2017,14000,13200,700,5.3,41.51892488,-76.01813003,"{'type': 'Point', 'coordinates': [-76.01813003, 41.51892488]}",11,29,2460,91,444
83,Berks County,06,42,011,2017,2017,212100,202300,9800,4.6,40.41939635,-75.93077327,"{'type': 'Point', 'coordinates': [-75.93077327, 40.41939635]}",45,27,191,46,435
84,Union County,60,42,119,2017,2017,19800,19000,900,4.4,40.96473131,-77.06415803,"{'type': 'Point', 'coordinates': [-77.06415803, 40.96473131]}",49,21,1979,72,296
85,Lebanon County,38,42,075,2017,2017,70600,67600,2900,4.1,40.367597,-76.46182575,"{'type': 'Point', 'coordinates': [-76.46182575, 40.367597]}",25,28,371,130,44
86,Armstrong County,03,42,005,2016,2017,33100,30600,2500,7.5,40.81509526,-79.47316899,"{'type': 'Point', 'coordinates': [-79.47316899, 40.81509526]}",41,15,834,11,106
87,Huntingdon County,31,42,061,2018,2018,19800,18800,1000,5.3,40.416105,-77.9827661,"{'type': 'Point', 'coordinates': [-77.9827661, 40.416105]}",38,17,1344,32,290
88,Jefferson County,33,42,065,2016,2017,20700,19300,1400,6.8,41.13139091,-79.00101814,"{'type': 'Point', 'coordinates': [-79.00101814, 41.13139091]}",20,14,1361,16,107
89,Lackawanna County,35,42,069,2016,2017,106800,100800,6000,5.7,41.43910064,-75.61218345,"{'type': 'Point', 'coordinates': [-75.61218345, 41.43910064]}",22,34,1283,125,253
90,Carbon County,13,42,025,2018,2018,31500,29900,1600,5.1,40.91936701,-75.71107039,"{'type': 'Point', 'coordinates': [-75.71107039, 40.91936701]}",4,30,688,108,199
91,Montgomery County,46,42,091,2016,2017,447500,429000,18500,4.1,40.20989874,-75.37252001,"{'type': 'Point', 'coordinates': [-75.37252001, 40.20989874]}",57,33,1082,152,249
92,Fayette County,26,42,051,2018,2018,57100,53800,3300,5.8,39.9194478,-79.65189635,"{'type': 'Point', 'coordinates': [-79.65189635, 39.9194478]}",31,1,435,8,204
93,Wayne County,64,42,127,2016,2017,22500,21200,1300,5.7,41.64969805,-75.3051535,"{'type': 'Point', 'coordinates': [-75.3051535, 41.64969805]}",53,29,1928,89,433
94,Monroe County,45,42,089,2018,2018,82000,77600,4400,5.4,41.06091787,-75.34083603,"{'type': 'Point', 'coordinates': [-75.34083603, 41.06091787]}",56,38,912,121,362
95,Clinton County,18,42,035,2016,2017,18600,17200,1300,7.1,41.23286274,-77.6428376,"{'type': 'Point', 'coordinates': [-77.6428376, 41.23286274]}",9,14,1835,74,206
96,Centre County,14,42,027,2018,2018,79900,77300,2600,3.2,40.9193135,-77.82500112,"{'type': 'Point', 'coordinates': [-77.82500112, 40.9193135]}",5,18,1790,74,37
97,Lycoming County,41,42,081,2018,2018,57100,54400,2700,4.8,41.34459792,-77.06942457,"{'type': 'Point', 'coordinates': [-77.06942457, 41.34459792]}",15,21,1905,75,441
98,Snyder County,55,42,109,2018,2018,20300,19500,800,3.9,40.77113737,-77.07255968,"{'type': 'Point', 'coordinates': [-77.07255968, 40.77113737]}",65,22,2255,72,254
99,Delaware County,23,42,045,2016,2017,294200,279900,14300,4.9,39.91657867,-75.40627712,"{'type': 'Point', 'coordinates': [-75.40627712, 39.91657867]}",28,35,782,63,380
100,Monroe County,45,42,089,2016,2017,81900,76800,5100,6.3,41.06091787,-75.34083603,"{'type': 'Point', 'coordinates': [-75.34083603, 41.06091787]}",56,38,912,121,362
101,Tioga County,59,42,117,2016,2017,19900,18400,1400,7.1,41.77333834,-77.25788076,"{'type': 'Point', 'coordinates': [-77.25788076, 41.77333834]}",48,14,97,77,477
102,Perry County,50,42,099,2017,2017,24200,23200,1000,4.3,40.40415317,-77.25907385,"{'type': 'Point', 'coordinates': [-77.25907385, 40.40415317]}",61,23,1648,37,485
103,Franklin County,28,42,055,2016,2017,77500,73500,4000,5.2,39.92786197,-77.72398845,"{'type': 'Point', 'coordinates': [-77.72398845, 39.92786197]}",33,19,380,33,19
104,Beaver County,04,42,007,2017,2017,84900,80200,4700,5.5,40.68349245,-80.35107356,"{'type': 'Point', 'coordinates': [-80.35107356, 40.68349245]}",42,2,379,23,2
105,Carbon County,13,42,025,2016,2017,31600,29700,1900,6,40.91936701,-75.71107039,"{'type': 'Point', 'coordinates': [-75.71107039, 40.91936701]}",4,30,688,108,199
106,Schuylkill County,54,42,107,2016,2017,67600,63400,4200,6.2,40.70751243,-76.22332385,"{'type': 'Point', 'coordinates': [-76.22332385, 40.70751243]}",64,27,1343,127,304
107,Bucks County,09,42,017,2018,2018,341100,328300,12800,3.7,40.33501133,-75.11291241,"{'type': 'Point', 'coordinates': [-75.11291241, 40.33501133]}",35,40,430,145,22
108,Pennsylvania,00,42,,2016,2018,6450000,6103000,347000,5.4,39.346129,-75.167756,"{'type': 'Point', 'coordinates': [-75.167756, 39.346129]}",,,,,
109,Montgomery County,46,42,091,2018,2018,449400,434000,15400,3.4,40.20989874,-75.37252001,"{'type': 'Point', 'coordinates': [-75.37252001, 40.20989874]}",57,33,1082,152,249
110,Columbia County,19,42,037,2017,2017,33800,32000,1800,5.2,41.04912086,-76.4100218,"{'type': 'Point', 'coordinates': [-76.4100218, 41.04912086]}",10,22,1073,90,24
111,Elk County,24,42,047,2018,2018,15800,15200,600,3.9,41.42819416,-78.64947713,"{'type': 'Point', 'coordinates': [-78.64947713, 41.42819416]}",29,14,1258,15,405
112,Philadelphia County,51,42,101,2018,2018,709600,670300,39300,5.5,40.00444354,-75.140236,"{'type': 'Point', 'coordinates': [-75.140236, 40.00444354]}",13,46,1069,182,365
113,Lawrence County,37,42,073,2018,2018,40800,38700,2100,5.1,40.99325035,-80.33754114,"{'type': 'Point', 'coordinates': [-80.33754114, 40.99325035]}",27,2,622,22,231
114,Montgomery County,46,42,091,2017,2017,448700,431400,17300,3.9,40.20989874,-75.37252001,"{'type': 'Point', 'coordinates': [-75.37252001, 40.20989874]}",57,33,1082,152,249
115,Centre County,14,42,027,2017,2017,78600,75700,2900,3.7,40.9193135,-77.82500112,"{'type': 'Point', 'coordinates': [-77.82500112, 40.9193135]}",5,18,1790,74,37
116,Bucks County,09,42,017,2017,2017,341400,327000,14500,4.2,40.33501133,-75.11291241,"{'type': 'Point', 'coordinates': [-75.11291241, 40.33501133]}",35,40,430,145,22
117,Bradford County,08,42,015,2016,2017,30200,28200,2000,6.5,41.79117814,-76.51825624,"{'type': 'Point', 'coordinates': [-76.51825624, 41.79117814]}",34,21,442,88,349
118,Luzerne County,40,42,079,2016,2017,158800,148800,10000,6.3,41.17836439,-75.9919961,"{'type': 'Point', 'coordinates': [-75.9919961, 41.17836439]}",14,30,406,92,52
119,Huntingdon County,31,42,061,2017,2017,19700,18600,1200,6,40.416105,-77.9827661,"{'type': 'Point', 'coordinates': [-77.9827661, 40.416105]}",38,17,1344,32,290
120,Lancaster County,36,42,071,2017,2017,280300,269600,10700,3.8,40.04590796,-76.25138768,"{'type': 'Point', 'coordinates': [-76.25138768, 40.04590796]}",23,25,222,144,74
121,Bedford County,05,42,009,2018,2018,23700,22600,1100,4.5,40.00737536,-78.49116474,"{'type': 'Point', 'coordinates': [-78.49116474, 40.00737536]}",43,16,1549,31,3
122,Elk County,24,42,047,2017,2017,16000,15200,800,4.9,41.42819416,-78.64947713,"{'type': 'Point', 'coordinates': [-78.64947713, 41.42819416]}",29,14,1258,15,405
123,Wyoming County,66,42,131,2016,2017,14100,13200,900,6.2,41.51892488,-76.01813003,"{'type': 'Point', 'coordinates': [-76.01813003, 41.51892488]}",11,29,2460,91,444
124,Crawford County,20,42,039,2018,2018,39000,37100,1800,4.7,41.68546907,-80.11321083,"{'type': 'Point', 'coordinates': [-80.11321083, 41.68546907]}",16,3,1995,47,344
125,Warren County,62,42,123,2018,2018,19100,18200,800,4.5,41.81675237,-79.27858158,"{'type': 'Point', 'coordinates': [-79.27858158, 41.81675237]}",51,5,1741,60,234
126,Lycoming County,41,42,081,2017,2017,57600,54400,3300,5.6,41.34459792,-77.06942457,"{'type': 'Point', 'coordinates': [-77.06942457, 41.34459792]}",15,21,1905,75,441
127,Warren County,62,42,123,2017,2017,19300,18300,1000,5.3,41.81675237,-79.27858158,"{'type': 'Point', 'coordinates': [-79.27858158, 41.81675237]}",51,5,1741,60,234
128,York County,67,42,133,2017,2017,234400,224100,10200,4.4,39.92192531,-76.72576052,"{'type': 'Point', 'coordinates': [-76.72576052, 39.92192531]}",12,24,470,136,43
129,Beaver County,04,42,007,2016,2017,85300,80100,5300,6.2,40.68349245,-80.35107356,"{'type': 'Point', 'coordinates': [-80.35107356, 40.68349245]}",42,2,379,23,2
130,Carbon County,13,42,025,2017,2017,31500,29700,1800,5.6,40.91936701,-75.71107039,"{'type': 'Point', 'coordinates': [-75.71107039, 40.91936701]}",4,30,688,108,199
131,Indiana County,32,42,063,2018,2018,38800,36900,1900,4.9,40.65295497,-79.09333493,"{'type': 'Point', 'coordinates': [-79.09333493, 40.65295497]}",19,15,415,27,269
132,Lancaster County,36,42,071,2016,2017,279900,268300,11600,4.1,40.04590796,-76.25138768,"{'type': 'Point', 'coordinates': [-76.25138768, 40.04590796]}",23,25,222,144,74
133,Forest County,27,42,053,2018,2018,1800,1700,100,6.2,41.51357876,-79.23780995,"{'type': 'Point', 'coordinates': [-79.23780995, 41.51357876]}",32,5,207,60,186
134,Monroe County,45,42,089,2017,2017,82000,77100,4800,5.9,41.06091787,-75.34083603,"{'type': 'Point', 'coordinates': [-75.34083603, 41.06091787]}",56,38,912,121,362
135,Snyder County,55,42,109,2017,2017,20500,19600,900,4.4,40.77113737,-77.07255968,"{'type': 'Point', 'coordinates': [-77.07255968, 40.77113737]}",65,22,2255,72,254
136,Susquehanna County,58,42,115,2018,2018,20500,19700,800,4,41.8205686,-75.80250303,"{'type': 'Point', 'coordinates': [-75.80250303, 41.8205686]}",44,21,2466,89,321
137,Butler County,10,42,019,2018,2018,98600,94700,3800,3.9,40.91083185,-79.91711779,"{'type': 'Point', 'coordinates': [-79.91711779, 40.91083185]}",1,5,738,12,100
138,Northumberland County,49,42,097,2016,2017,44000,41200,2700,6.2,40.85150926,-76.71188423,"{'type': 'Point', 'coordinates': [-76.71188423, 40.85150926]}",60,22,2094,73,375
139,Washington County,63,42,125,2016,2017,107300,100700,6600,6.1,40.19109663,-80.25180083,"{'type': 'Point', 'coordinates': [-80.25180083, 40.19109663]}",52,12,1132,4,351
140,Columbia County,19,42,037,2016,2017,33900,32000,1900,5.5,41.04912086,-76.4100218,"{'type': 'Point', 'coordinates': [-76.4100218, 41.04912086]}",10,22,1073,90,24
141,Chester County,15,42,029,2018,2018,281600,272600,8900,3.2,39.97487056,-75.75626498,"{'type': 'Point', 'coordinates': [-75.75626498, 39.97487056]}",6,32,2415,147,69
142,Franklin County,28,42,055,2017,2017,76700,73200,3400,4.5,39.92786197,-77.72398845,"{'type': 'Point', 'coordinates': [-77.72398845, 39.92786197]}",33,19,380,33,19
143,Perry County,50,42,099,2016,2017,24300,23200,1100,4.6,40.40415317,-77.25907385,"{'type': 'Point', 'coordinates': [-77.25907385, 40.40415317]}",61,23,1648,37,485
144,York County,67,42,133,2016,2017,235000,224100,10900,4.6,39.92192531,-76.72576052,"{'type': 'Point', 'coordinates': [-76.72576052, 39.92192531]}",12,24,470,136,43
145,Washington County,63,42,125,2018,2018,106000,101400,4600,4.3,40.19109663,-80.25180083,"{'type': 'Point', 'coordinates': [-80.25180083, 40.19109663]}",52,12,1132,4,351
146,McKean County,42,42,083,2018,2018,17900,17000,900,4.8,41.81037074,-78.5712202,"{'type': 'Point', 'coordinates': [-78.5712202, 41.81037074]}",47,14,1778,14,424
147,Montour County,47,42,093,2018,2018,9000,8700,300,3.5,41.02801824,-76.66470527,"{'type': 'Point', 'coordinates': [-76.66470527, 41.02801824]}",58,22,963,54,64
148,Clearfield County,17,42,033,2016,2017,36300,33700,2600,7.3,41.000429,-78.47558343,"{'type': 'Point', 'coordinates': [-78.47558343, 41.000429]}",8,16,276,19,141
149,Tioga County,59,42,117,2017,2017,19200,18100,1200,6,41.77333834,-77.25788076,"{'type': 'Point', 'coordinates': [-77.25788076, 41.77333834]}",48,14,97,77,477
150,Indiana County,32,42,063,2016,2017,40200,37300,2900,7.3,40.65295497,-79.09333493,"{'type': 'Point', 'coordinates': [-79.09333493, 40.65295497]}",19,15,415,27,269
151,Columbia County,19,42,037,2018,2018,33500,31900,1600,4.8,41.04912086,-76.4100218,"{'type': 'Point', 'coordinates': [-76.4100218, 41.04912086]}",10,22,1073,90,24
152,Cameron County,12,42,023,2016,2017,2200,2100,200,7.3,41.43880265,-78.20916932,"{'type': 'Point', 'coordinates': [-78.20916932, 41.43880265]}",3,14,1009,14,105
153,Bedford County,05,42,009,2017,2017,23800,22500,1200,5.2,40.00737536,-78.49116474,"{'type': 'Point', 'coordinates': [-78.49116474, 40.00737536]}",43,16,1549,31,3
154,Luzerne County,40,42,079,2018,2018,157800,149300,8500,5.4,41.17836439,-75.9919961,"{'type': 'Point', 'coordinates': [-75.9919961, 41.17836439]}",14,30,406,92,52
155,Bradford County,08,42,015,2018,2018,28900,27600,1300,4.4,41.79117814,-76.51825624,"{'type': 'Point', 'coordinates': [-76.51825624, 41.79117814]}",34,21,442,88,349
156,Mifflin County,44,42,087,2016,2017,20800,19600,1200,5.7,40.61274928,-77.62003089,"{'type': 'Point', 'coordinates': [-77.62003089, 40.61274928]}",55,18,587,36,295
157,Indiana County,32,42,063,2017,2017,39200,36900,2300,5.9,40.65295497,-79.09333493,"{'type': 'Point', 'coordinates': [-79.09333493, 40.65295497]}",19,15,415,27,269
158,Crawford County,20,42,039,2017,2017,39400,37200,2200,5.5,41.68546907,-80.11321083,"{'type': 'Point', 'coordinates': [-80.11321083, 41.68546907]}",16,3,1995,47,344
159,York County,67,42,133,2018,2018,234100,225100,9000,3.9,39.92192531,-76.72576052,"{'type': 'Point', 'coordinates': [-76.72576052, 39.92192531]}",12,24,470,136,43
160,Lawrence County,37,42,073,2017,2017,40600,38100,2500,6.1,40.99325035,-80.33754114,"{'type': 'Point', 'coordinates': [-80.33754114, 40.99325035]}",27,2,622,22,231
161,Lycoming County,41,42,081,2016,2017,58700,54800,3900,6.6,41.34459792,-77.06942457,"{'type': 'Point', 'coordinates': [-77.06942457, 41.34459792]}",15,21,1905,75,441
162,Forest County,27,42,053,2016,2017,1900,1700,100,7.9,41.51357876,-79.23780995,"{'type': 'Point', 'coordinates': [-79.23780995, 41.51357876]}",32,5,207,60,186
163,Delaware County,23,42,045,2018,2018,295900,284000,11900,4,39.91657867,-75.40627712,"{'type': 'Point', 'coordinates': [-75.40627712, 39.91657867]}",28,35,782,63,380
164,Perry County,50,42,099,2018,2018,24300,23400,900,3.7,40.40415317,-77.25907385,"{'type': 'Point', 'coordinates': [-77.25907385, 40.40415317]}",61,23,1648,37,485
165,Snyder County,55,42,109,2016,2017,20500,19500,1000,4.7,40.77113737,-77.07255968,"{'type': 'Point', 'coordinates': [-77.07255968, 40.77113737]}",65,22,2255,72,254
166,Montour County,47,42,093,2017,2017,9100,8700,400,3.9,41.02801824,-76.66470527,"{'type': 'Point', 'coordinates': [-76.66470527, 41.02801824]}",58,22,963,54,64
167,Lancaster County,36,42,071,2018,2018,281400,271900,9500,3.4,40.04590796,-76.25138768,"{'type': 'Point', 'coordinates': [-76.25138768, 40.04590796]}",23,25,222,144,74
168,Beaver County,04,42,007,2018,2018,84100,80200,3800,4.5,40.68349245,-80.35107356,"{'type': 'Point', 'coordinates': [-80.35107356, 40.68349245]}",42,2,379,23,2
169,Elk County,24,42,047,2016,2017,16300,15400,900,5.5,41.42819416,-78.64947713,"{'type': 'Point', 'coordinates': [-78.64947713, 41.42819416]}",29,14,1258,15,405
170,Bucks County,09,42,017,2016,2017,340900,325200,15700,4.6,40.33501133,-75.11291241,"{'type': 'Point', 'coordinates': [-75.11291241, 40.33501133]}",35,40,430,145,22
171,Bradford County,08,42,015,2017,2017,29400,27900,1500,5.1,41.79117814,-76.51825624,"{'type': 'Point', 'coordinates': [-76.51825624, 41.79117814]}",34,21,442,88,349
172,Philadelphia County,51,42,101,2017,2017,704100,660100,44000,6.2,40.00444354,-75.140236,"{'type': 'Point', 'coordinates': [-75.140236, 40.00444354]}",13,46,1069,182,365
173,Susquehanna County,58,42,115,2016,2017,20900,19700,1200,5.7,41.8205686,-75.80250303,"{'type': 'Point', 'coordinates': [-75.80250303, 41.8205686]}",44,21,2466,89,321
174,Chester County,15,42,029,2017,2017,281100,271100,10100,3.6,39.97487056,-75.75626498,"{'type': 'Point', 'coordinates': [-75.75626498, 39.97487056]}",6,32,2415,147,69
175,Clarion County,16,42,031,2018,2018,17400,16600,800,4.7,41.19279129,-79.42483608,"{'type': 'Point', 'coordinates': [-79.42483608, 41.19279129]}",7,5,1081,24,46
176,Lawrence County,37,42,073,2016,2017,41500,38700,2800,6.7,40.99325035,-80.33754114,"{'type': 'Point', 'coordinates': [-80.33754114, 40.99325035]}",27,2,622,22,231
177,Jefferson County,33,42,065,2018,2018,20500,19600,1000,4.6,41.13139091,-79.00101814,"{'type': 'Point', 'coordinates': [-79.00101814, 41.13139091]}",20,14,1361,16,107
178,Cambria County,11,42,021,2018,2018,58300,55300,3000,5.2,40.49127491,-78.71894174,"{'type': 'Point', 'coordinates': [-78.71894174, 40.49127491]}",2,16,1228,20,23
179,Huntingdon County,31,42,061,2016,2017,19700,18300,1400,7,40.416105,-77.9827661,"{'type': 'Point', 'coordinates': [-77.9827661, 40.416105]}",38,17,1344,32,290
180,Philadelphia County,51,42,101,2016,2017,703600,656000,47600,6.8,40.00444354,-75.140236,"{'type': 'Point', 'coordinates': [-75.140236, 40.00444354]}",13,46,1069,182,365
181,Schuylkill County,54,42,107,2018,2018,66100,62700,3400,5.2,40.70751243,-76.22332385,"{'type': 'Point', 'coordinates': [-76.22332385, 40.70751243]}",64,27,1343,127,304
182,Northampton County,48,42,095,2018,2018,158900,151900,7000,4.4,40.7545954,-75.31263726,"{'type': 'Point', 'coordinates': [-75.31263726, 40.7545954]}",59,38,1339,113,280
183,Crawford County,20,42,039,2016,2017,40500,38100,2400,6,41.68546907,-80.11321083,"{'type': 'Point', 'coordinates': [-80.11321083, 41.68546907]}",16,3,1995,47,344
184,Luzerne County,40,42,079,2017,2017,158300,148900,9400,5.9,41.17836439,-75.9919961,"{'type': 'Point', 'coordinates': [-75.9919961, 41.17836439]}",14,30,406,92,52
185,Bedford County,05,42,009,2016,2017,24100,22600,1400,5.9,40.00737536,-78.49116474,"{'type': 'Point', 'coordinates': [-78.49116474, 40.00737536]}",43,16,1549,31,3
186,Susquehanna County,58,42,115,2017,2017,20700,19700,1000,4.7,41.8205686,-75.80250303,"{'type': 'Point', 'coordinates': [-75.80250303, 41.8205686]}",44,21,2466,89,321
187,Adams County,01,42,001,2018,2018,55100,53300,1800,3.3,39.87209565,-77.22224271,"{'type': 'Point', 'coordinates': [-77.22224271, 39.87209565]}",39,19,1949,35,92
188,Cameron County,12,42,023,2017,2017,2200,2000,200,6.9,41.43880265,-78.20916932,"{'type': 'Point', 'coordinates': [-78.20916932, 41.43880265]}",3,14,1009,14,105
189,Tioga County,59,42,117,2018,2018,18800,17800,1000,5.2,41.77333834,-77.25788076,"{'type': 'Point', 'coordinates': [-77.25788076, 41.77333834]}",48,14,97,77,477
190,Forest County,27,42,053,2017,2017,1800,1700,100,6.7,41.51357876,-79.23780995,"{'type': 'Point', 'coordinates': [-79.23780995, 41.51357876]}",32,5,207,60,186
191,Washington County,63,42,125,2017,2017,106500,100900,5600,5.2,40.19109663,-80.25180083,"{'type': 'Point', 'coordinates': [-80.25180083, 40.19109663]}",52,12,1132,4,351
192,Northampton County,48,42,095,2016,2017,158900,150700,8200,5.2,40.7545954,-75.31263726,"{'type': 'Point', 'coordinates': [-75.31263726, 40.7545954]}",59,38,1339,113,280
193,Clarion County,16,42,031,2016,2017,18000,16900,1100,6.2,41.19279129,-79.42483608,"{'type': 'Point', 'coordinates': [-79.42483608, 41.19279129]}",7,5,1081,24,46
194,Franklin County,28,42,055,2018,2018,77100,74200,2800,3.7,39.92786197,-77.72398845,"{'type': 'Point', 'coordinates': [-77.72398845, 39.92786197]}",33,19,380,33,19
195,Wayne County,64,42,127,2018,2018,22400,21300,1100,4.7,41.64969805,-75.3051535,"{'type': 'Point', 'coordinates': [-75.3051535, 41.64969805]}",53,29,1928,89,433
196,Adams County,01,42,001,2017,2017,55500,53400,2000,3.7,39.87209565,-77.22224271,"{'type': 'Point', 'coordinates': [-77.22224271, 39.87209565]}",39,19,1949,35,92
197,Warren County,62,42,123,2016,2017,19800,18700,1100,5.5,41.81675237,-79.27858158,"{'type': 'Point', 'coordinates': [-79.27858158, 41.81675237]}",51,5,1741,60,234
198,Mercer County,43,42,085,2018,2018,50100,47700,2400,4.7,41.30237777,-80.26009411,"{'type': 'Point', 'coordinates': [-80.26009411, 41.30237777]}",54,3,1048,48,300
199,Delaware County,23,42,045,2017,2017,294800,281400,13300,4.5,39.91657867,-75.40627712,"{'type': 'Point', 'coordinates': [-75.40627712, 39.91657867]}",28,35,782,63,380
200,Mifflin County,44,42,087,2017,2017,20600,19500,1100,5.3,40.61274928,-77.62003089,"{'type': 'Point', 'coordinates': [-77.62003089, 40.61274928]}",55,18,587,36,295
201,Schuylkill County,54,42,107,2017,2017,66300,62400,3900,5.9,40.70751243,-76.22332385,"{'type': 'Point', 'coordinates': [-76.22332385, 40.70751243]}",64,27,1343,127,304
202,Clarion County,16,42,031,2017,2017,17700,16700,1000,5.6,41.19279129,-79.42483608,"{'type': 'Point', 'coordinates': [-79.42483608, 41.19279129]}",7,5,1081,24,46
203,Jefferson County,33,42,065,2017,2017,20600,19400,1200,5.6,41.13139091,-79.00101814,"{'type': 'Point', 'coordinates': [-79.00101814, 41.13139091]}",20,14,1361,16,107
