,Total Population,State,PUMA,Male Polulation,Female Population,Grandparents Living With Grandchildren,Grandparents Responsible for Grandchildren,Childcare Employees Total
0,tabulate,state,public use microdata area,tabulate,tabulate,tabulate,tabulate,tabulate
1,186652,1,00100,90497,96155,1220,559,560
2,197530,1,00200,96818,100712,1077,460,1472
3,0,1,00300,0,0,0,0,0
4,123217,1,00400,60584,62633,479,398,690
5,127170,1,00500,62498,64672,832,189,419
6,152141,1,00600,74496,77645,937,705,393
7,107051,1,00700,52715,54336,459,264,732
8,147031,1,00800,73172,73859,578,313,1078
9,0,1,00901,0,0,0,0,0
10,0,1,00902,0,0,0,0,0
11,0,1,00903,0,0,0,0,0
12,0,1,00904,0,0,0,0,0
13,0,1,00905,0,0,0,0,0
14,157105,1,01000,76292,80813,588,358,1128
15,114559,1,01100,55195,59364,270,243,399
16,216069,1,01200,104509,111560,555,316,1835
17,0,1,01300,0,0,0,0,0
18,116519,1,01400,56955,59564,933,605,609
19,109555,1,01500,52720,56835,700,280,900
20,119151,1,01600,57567,61584,266,167,808
21,124206,1,01700,59479,64727,994,676,728
22,128931,1,01800,62582,66349,987,557,620
23,163142,1,01900,80321,82821,501,343,1418
24,194636,1,02000,91228,103408,962,245,2067
25,179205,1,02100,87136,92069,670,246,1593
26,133488,1,02200,65053,68435,977,345,552
27,122976,1,02300,59586,63390,931,460,472
28,144822,1,02400,70766,74056,866,342,1263
29,198121,1,02500,95875,102246,987,781,1142
30,218434,1,02600,106094,112340,1038,550,1481
31,134338,2,00101,68737,65601,390,59,1164
32,157459,2,00102,79287,78172,981,524,1701
33,166181,2,00200,86529,79652,946,421,647
34,167176,2,00300,89158,78018,296,213,907
35,111836,2,00400,60481,51355,296,593,614
36,176164,4,00101,86717,89447,819,787,756
37,150245,4,00102,74303,75942,674,505,645
38,117763,4,00103,59346,58417,691,473,545
39,113992,4,00104,54946,59046,541,436,686
40,143305,4,00105,70288,73017,747,713,755
41,116824,4,00106,57660,59164,450,249,717
42,116390,4,00107,56317,60073,662,317,288
43,114505,4,00108,55883,58622,474,178,924
44,122538,4,00109,66204,56334,235,191,536
45,138364,4,00110,69062,69302,427,170,722
46,118062,4,00111,56279,61783,428,238,461
47,130740,4,00112,64784,65956,446,291,281
48,108409,4,00113,53630,54779,459,287,377
49,114047,4,00114,57006,57041,353,451,636
50,111591,4,00115,53988,57603,412,505,812
51,115502,4,00116,57209,58293,286,264,556
52,107752,4,00117,54830,52922,397,319,776
53,118496,4,00118,61268,57228,637,444,459
54,121385,4,00119,60272,61113,956,1030,1091
55,113955,4,00120,56082,57873,406,178,378
56,152873,4,00121,76468,76405,976,1159,301
57,122323,4,00122,61521,60802,609,872,636
58,106613,4,00201,50878,55735,746,402,764
59,129387,4,00202,63983,65404,286,490,518
60,117107,4,00203,57236,59871,166,80,391
61,107037,4,00204,51222,55815,403,209,269
62,145379,4,00205,75985,69394,409,321,459
63,99254,4,00206,47126,52128,618,714,481
64,107207,4,00207,52810,54397,255,292,640
65,181907,4,00300,90593,91314,670,640,645
66,142228,4,00400,70664,71564,337,289,959
67,232349,4,00500,113637,118712,1369,1065,696
68,231998,4,00600,117311,114687,1153,620,1104
69,211949,4,00700,109171,102778,964,568,982
70,114077,4,00800,58680,55397,387,842,437
71,172821,4,00900,86765,86056,983,545,865
72,273485,5,00100,136115,137370,1141,453,2418
73,236443,5,00200,118753,117690,956,411,2049
74,155940,5,00300,77022,78918,865,748,854
75,135042,5,00400,67100,67942,860,619,843
76,193219,5,00500,94910,98309,929,366,2433
77,100192,5,00600,48434,51758,543,288,695
78,99894,5,00700,50759,49135,629,295,837
79,109969,5,00800,53800,56169,405,137,983
80,207642,5,00900,99618,108024,1500,564,1666
81,185392,5,01000,88016,97376,1060,826,1395
82,197705,5,01100,96537,101168,876,659,1960
83,121001,5,01200,59226,61775,703,383,1010
84,143163,5,01300,71166,71997,691,389,1590
85,190852,5,01400,93440,97412,837,352,743
86,99757,5,01500,49456,50301,721,486,717
87,164028,5,01600,80279,83749,787,353,966
88,96475,5,01700,47641,48834,640,253,662
89,99591,5,01800,49787,49804,394,177,983
90,98876,5,01900,47463,51413,633,341,920
91,0,6,00100,0,0,0,0,0
92,0,6,00200,0,0,0,0,0
93,189657,6,00300,98436,91221,999,426,895
94,0,6,00400,0,0,0,0,0
95,0,6,00500,0,0,0,0,0
96,0,6,00600,0,0,0,0,0
97,0,6,00700,0,0,0,0,0
98,0,6,00800,0,0,0,0,0
99,0,6,00900,0,0,0,0,0
100,0,6,01000,0,0,0,0,0
101,0,6,01101,0,0,0,0,0
102,0,6,01102,0,0,0,0,0
103,0,6,01103,0,0,0,0,0
104,0,6,01201,0,0,0,0,0
105,0,6,01202,0,0,0,0,0
106,123562,6,01301,61564,61998,610,424,1201
107,125481,6,01302,60166,65315,814,456,906
108,136031,6,01303,67028,69003,615,633,1431
109,0,6,01401,0,0,0,0,0
110,0,6,01402,0,0,0,0,0
111,0,6,01403,0,0,0,0,0
112,0,6,01501,0,0,0,0,0
113,0,6,01502,0,0,0,0,0
114,0,6,01503,0,0,0,0,0
115,0,6,01504,0,0,0,0,0
116,0,6,01505,0,0,0,0,0
117,0,6,01506,0,0,0,0,0
118,0,6,01601,0,0,0,0,0
119,0,6,01602,0,0,0,0,0
120,190163,6,01700,94603,95560,967,941,1101
121,0,6,01800,0,0,0,0,0
122,145843,6,01901,75892,69951,835,448,866
123,189862,6,01902,92323,97539,1244,931,992
124,0,6,02001,0,0,0,0,0
125,0,6,02002,0,0,0,0,0
126,0,6,02101,0,0,0,0,0
127,0,6,02102,0,0,0,0,0
128,0,6,02103,0,0,0,0,0
129,0,6,02104,0,0,0,0,0
130,0,6,02105,0,0,0,0,0
131,0,6,02106,0,0,0,0,0
132,0,6,02107,0,0,0,0,0
133,0,6,02108,0,0,0,0,0
134,0,6,02201,0,0,0,0,0
135,0,6,02202,0,0,0,0,0
136,0,6,02203,0,0,0,0,0
137,0,6,02204,0,0,0,0,0
138,0,6,02205,0,0,0,0,0
139,0,6,02206,0,0,0,0,0
140,0,6,02207,0,0,0,0,0
141,0,6,02301,0,0,0,0,0
142,0,6,02302,0,0,0,0,0
143,0,6,02303,0,0,0,0,0
144,0,6,02304,0,0,0,0,0
145,0,6,02305,0,0,0,0,0
146,0,6,02306,0,0,0,0,0
147,0,6,02401,0,0,0,0,0
148,0,6,02402,0,0,0,0,0
149,0,6,02403,0,0,0,0,0
150,0,6,02404,0,0,0,0,0
151,0,6,02405,0,0,0,0,0
152,0,6,02406,0,0,0,0,0
153,0,6,02407,0,0,0,0,0
154,0,6,02408,0,0,0,0,0
155,0,6,02409,0,0,0,0,0
156,0,6,02410,0,0,0,0,0
157,180714,6,02500,92526,88188,1608,984,972
158,0,6,02601,0,0,0,0,0
159,0,6,02602,0,0,0,0,0
160,0,6,02701,0,0,0,0,0
161,0,6,02702,0,0,0,0,0
162,0,6,02703,0,0,0,0,0
163,0,6,02704,0,0,0,0,0
164,0,6,02705,0,0,0,0,0
165,0,6,02706,0,0,0,0,0
166,0,6,02707,0,0,0,0,0
167,0,6,02708,0,0,0,0,0
168,0,6,02709,0,0,0,0,0
169,0,6,02710,0,0,0,0,0
170,0,6,02711,0,0,0,0,0
171,0,6,02712,0,0,0,0,0
172,0,6,02713,0,0,0,0,0
173,0,6,02714,0,0,0,0,0
174,0,6,02801,0,0,0,0,0
175,0,6,02802,0,0,0,0,0
176,0,6,02900,0,0,0,0,0
177,0,6,03001,0,0,0,0,0
178,0,6,03002,0,0,0,0,0
179,151055,6,03100,83283,67772,577,527,765
180,0,6,03200,0,0,0,0,0
181,0,6,03301,0,0,0,0,0
182,0,6,03302,0,0,0,0,0
183,0,6,03401,0,0,0,0,0
184,0,6,03402,0,0,0,0,0
185,0,6,03501,0,0,0,0,0
186,0,6,03502,0,0,0,0,0
187,0,6,03503,0,0,0,0,0
188,0,6,03600,0,0,0,0,0
189,139489,6,03701,71987,67502,789,437,734
190,192548,6,03702,96696,95852,739,538,848
191,0,6,03800,0,0,0,0,0
192,0,6,03901,0,0,0,0,0
193,0,6,03902,0,0,0,0,0
194,0,6,03903,0,0,0,0,0
195,0,6,04000,0,0,0,0,0
196,0,6,04100,0,0,0,0,0
197,0,6,04200,0,0,0,0,0
198,0,6,04300,0,0,0,0,0
199,0,6,04401,0,0,0,0,0
200,0,6,04402,0,0,0,0,0
201,0,6,04403,0,0,0,0,0
202,0,6,04404,0,0,0,0,0
203,0,6,04405,0,0,0,0,0
204,0,6,04406,0,0,0,0,0
205,0,6,04407,0,0,0,0,0
206,0,6,04500,0,0,0,0,0
207,0,6,04600,0,0,0,0,0
208,0,6,04700,0,0,0,0,0
209,0,6,04800,0,0,0,0,0
210,0,6,04900,0,0,0,0,0
211,0,6,05000,0,0,0,0,0
212,0,6,05100,0,0,0,0,0
213,0,6,05200,0,0,0,0,0
214,0,6,05300,0,0,0,0,0
215,0,6,05401,0,0,0,0,0
216,0,6,05402,0,0,0,0,0
217,0,6,05403,0,0,0,0,0
218,0,6,05404,0,0,0,0,0
219,0,6,05405,0,0,0,0,0
220,0,6,05406,0,0,0,0,0
221,0,6,05407,0,0,0,0,0
222,0,6,05408,0,0,0,0,0
223,0,6,05409,0,0,0,0,0
224,0,6,05410,0,0,0,0,0
225,0,6,05411,0,0,0,0,0
226,0,6,05412,0,0,0,0,0
227,0,6,05413,0,0,0,0,0
228,0,6,05414,0,0,0,0,0
229,0,6,05415,0,0,0,0,0
230,0,6,05416,0,0,0,0,0
231,0,6,05417,0,0,0,0,0
232,0,6,05418,0,0,0,0,0
233,0,6,05419,0,0,0,0,0
234,0,6,05420,0,0,0,0,0
235,0,6,05421,0,0,0,0,0
236,0,6,05422,0,0,0,0,0
237,0,6,05423,0,0,0,0,0
238,0,6,05424,0,0,0,0,0
239,138609,6,05500,69008,69601,666,412,753
240,0,6,05600,0,0,0,0,0
241,0,6,05701,0,0,0,0,0
242,0,6,05702,0,0,0,0,0
243,0,6,05703,0,0,0,0,0
244,0,6,05800,0,0,0,0,0
245,0,6,05900,0,0,0,0,0
246,0,6,06000,0,0,0,0,0
247,144807,6,06101,70647,74160,1116,698,782
248,130070,6,06102,63493,66577,313,305,820
249,116707,6,06103,57458,59249,750,419,470
250,0,6,06104,0,0,0,0,0
251,0,6,06105,0,0,0,0,0
252,0,6,06106,0,0,0,0,0
253,0,6,06107,0,0,0,0,0
254,0,6,06108,0,0,0,0,0
255,0,6,06109,0,0,0,0,0
256,0,6,06110,0,0,0,0,0
257,0,6,06111,0,0,0,0,0
258,0,6,06112,0,0,0,0,0
259,0,6,06113,0,0,0,0,0
260,0,6,06114,0,0,0,0,0
261,0,6,06115,0,0,0,0,0
262,0,6,06116,0,0,0,0,0
263,0,6,06117,0,0,0,0,0
264,0,6,06118,0,0,0,0,0
265,0,6,06119,0,0,0,0,0
266,0,6,06120,0,0,0,0,0
267,0,6,06121,0,0,0,0,0
268,0,6,06122,0,0,0,0,0
269,0,6,06123,0,0,0,0,0
270,0,6,06124,0,0,0,0,0
271,0,6,06125,0,0,0,0,0
272,0,6,06126,0,0,0,0,0
273,0,6,06200,0,0,0,0,0
274,0,6,06300,0,0,0,0,0
275,0,6,06400,0,0,0,0,0
276,0,6,06500,0,0,0,0,0
277,0,6,06601,0,0,0,0,0
278,0,6,06602,0,0,0,0,0
279,109745,6,06701,53176,56569,401,293,616
280,122147,6,06702,60020,62127,526,279,686
281,0,6,06801,0,0,0,0,0
282,0,6,06802,0,0,0,0,0
283,0,6,06900,0,0,0,0,0
284,0,6,07000,0,0,0,0,0
285,0,6,07100,0,0,0,0,0
286,0,6,07200,0,0,0,0,0
287,0,6,07300,0,0,0,0,0
288,0,6,07400,0,0,0,0,0
289,147259,6,07501,71114,76145,708,353,1016
290,112212,6,07502,54669,57543,136,15,408
291,0,6,07601,0,0,0,0,0
292,0,6,07602,0,0,0,0,0
293,0,6,07603,0,0,0,0,0
294,0,6,07604,0,0,0,0,0
295,0,6,07605,0,0,0,0,0
296,0,6,07606,0,0,0,0,0
297,0,6,07607,0,0,0,0,0
298,0,6,07700,0,0,0,0,0
299,0,6,07801,0,0,0,0,0
300,0,6,07802,0,0,0,0,0
301,0,6,07900,0,0,0,0,0
302,0,6,08001,0,0,0,0,0
303,0,6,08002,0,0,0,0,0
304,0,6,08003,0,0,0,0,0
305,0,6,08004,0,0,0,0,0
306,0,6,08005,0,0,0,0,0
307,145206,6,08101,70918,74288,1409,586,788
308,125149,6,08102,63133,62016,1205,611,956
309,108251,6,08103,54173,54078,426,221,767
310,129616,6,08104,64337,65279,541,284,387
311,136317,6,08105,67084,69233,450,168,853
312,121155,6,08106,59321,61834,764,482,559
313,0,6,08107,0,0,0,0,0
314,0,6,08108,0,0,0,0,0
315,0,6,08109,0,0,0,0,0
316,0,6,08110,0,0,0,0,0
317,0,6,08111,0,0,0,0,0
318,0,6,08112,0,0,0,0,0
319,0,6,08113,0,0,0,0,0
320,0,6,08114,0,0,0,0,0
321,0,6,08115,0,0,0,0,0
322,0,6,08116,0,0,0,0,0
323,0,6,08200,0,0,0,0,0
324,0,8,00101,0,0,0,0,0
325,139563,8,00102,69190,70373,481,272,956
326,211144,8,00103,105673,105471,404,288,1394
327,104321,8,00200,53360,50961,259,270,887
328,209384,8,00300,105855,103529,1070,785,1001
329,120520,8,00400,63906,56614,384,333,511
330,0,8,00501,0,0,0,0,0
331,0,8,00502,0,0,0,0,0
332,110295,8,00600,60544,49751,581,573,367
333,159596,8,00700,78869,80727,1151,456,813
334,105426,8,00801,54298,51128,261,77,445
335,185233,8,00802,91386,93847,379,694,1346
336,127053,8,00803,64589,62464,233,172,645
337,166120,8,00804,83256,82864,409,154,948
338,127651,8,00805,64800,62851,471,558,658
339,156706,8,00806,78704,78002,862,1110,1117
340,178215,8,00807,90211,88004,972,1573,1128
341,119415,8,00808,59452,59963,683,350,905
342,123133,8,00809,61146,61987,739,555,443
343,126152,8,00810,63229,62923,463,488,898
344,121642,8,00811,61098,60544,270,102,1061
345,199574,8,00812,99484,100090,1319,1026,974
346,117061,8,00813,60453,56608,524,164,705
347,115822,8,00814,58360,57462,280,56,396
348,178296,8,00815,87808,90488,618,622,1723
349,135472,8,00816,67262,68210,1174,1492,628
350,123376,8,00817,59930,63446,416,62,787
351,126396,8,00818,63576,62820,621,459,529
352,150302,8,00819,74778,75524,698,411,975
353,113839,8,00820,56342,57497,219,448,957
354,130887,8,00821,65045,65842,454,145,973
355,124903,8,00822,62057,62846,262,162,730
356,0,8,00901,0,0,0,0,0
357,0,8,00902,0,0,0,0,0
358,0,8,00903,0,0,0,0,0
359,0,8,00904,0,0,0,0,0
360,0,8,00905,0,0,0,0,0
361,0,8,01000,0,0,0,0,0
362,173030,9,00100,85226,87804,488,396,1410
363,0,9,00200,0,0,0,0,0
364,157579,9,00300,80090,77489,400,536,1103
365,0,9,00400,0,0,0,0,0
366,181131,9,00500,89743,91388,583,405,1167
367,0,9,00600,0,0,0,0,0
368,162622,9,00700,79597,83025,600,261,822
369,0,9,00800,0,0,0,0,0
370,133154,9,00900,67122,66032,305,537,1039
371,0,9,01000,0,0,0,0,0
372,135356,9,01100,67889,67467,560,168,1371
373,0,9,01200,0,0,0,0,0
374,150700,9,01300,75290,75410,423,377,1409
375,0,9,01400,0,0,0,0,0
376,116712,9,01500,57925,58787,312,288,1042
377,0,9,01600,0,0,0,0,0
378,0,9,01700,0,0,0,0,0
379,0,9,01800,0,0,0,0,0
380,0,9,01900,0,0,0,0,0
381,0,9,02000,0,0,0,0,0
382,0,9,02100,0,0,0,0,0
383,0,9,02200,0,0,0,0,0
384,0,9,02300,0,0,0,0,0
385,0,9,02400,0,0,0,0,0
386,0,9,02500,0,0,0,0,0
387,107323,10,00101,50996,56327,533,174,1519
388,147334,10,00102,70464,76870,407,170,1151
389,148612,10,00103,72081,76531,800,507,1205
390,155268,10,00104,77051,78217,749,642,885
391,179019,10,00200,86485,92534,1028,512,1234
392,230123,10,00300,111050,119073,937,558,1211
393,110906,11,00101,49872,61034,287,37,619
394,134797,11,00102,65128,69669,924,430,1478
395,125787,11,00103,62066,63721,383,222,643
396,164658,11,00104,75407,89251,1471,404,1623
397,165826,11,00105,80046,85780,295,101,609
398,150888,12,00101,72957,77931,188,115,1235
399,117522,12,00102,56831,60691,392,287,408
400,0,12,00200,0,0,0,0,0
401,0,12,00300,0,0,0,0,0
402,0,12,00400,0,0,0,0,0
403,295738,12,00500,149349,146389,1157,797,1474
404,0,12,00600,0,0,0,0,0
405,0,12,00701,0,0,0,0,0
406,0,12,00702,0,0,0,0,0
407,0,12,00800,0,0,0,0,0
408,0,12,00900,0,0,0,0,0
409,0,12,01001,0,0,0,0,0
410,0,12,01002,0,0,0,0,0
411,165676,12,01101,80321,85355,672,523,1147
412,122126,12,01102,56889,65237,555,297,542
413,110679,12,01103,52451,58228,544,178,886
414,126717,12,01104,65628,61089,599,334,389
415,182286,12,01105,91520,90766,1482,905,742
416,184612,12,01106,87970,96642,1148,881,1354
417,110730,12,01107,50756,59974,966,353,799
418,0,12,01200,0,0,0,0,0
419,0,12,01300,0,0,0,0,0
420,0,12,01400,0,0,0,0,0
421,0,12,01501,0,0,0,0,0
422,0,12,01502,0,0,0,0,0
423,0,12,01600,0,0,0,0,0
424,0,12,01700,0,0,0,0,0
425,0,12,01801,0,0,0,0,0
426,0,12,01802,0,0,0,0,0
427,0,12,01901,0,0,0,0,0
428,0,12,01902,0,0,0,0,0
429,0,12,01903,0,0,0,0,0
430,0,12,02001,0,0,0,0,0
431,0,12,02002,0,0,0,0,0
432,0,12,02003,0,0,0,0,0
433,119394,12,02101,55806,63588,391,195,354
434,121420,12,02102,59344,62076,580,350,324
435,138587,12,02103,71365,67222,1048,374,482
436,0,12,02104,0,0,0,0,0
437,0,12,02201,0,0,0,0,0
438,0,12,02202,0,0,0,0,0
439,0,12,02203,0,0,0,0,0
440,0,12,02204,0,0,0,0,0
441,0,12,02205,0,0,0,0,0
442,0,12,02206,0,0,0,0,0
443,0,12,02207,0,0,0,0,0
444,189818,12,02300,101214,88604,717,490,905
445,0,12,02401,0,0,0,0,0
446,0,12,02402,0,0,0,0,0
447,0,12,02403,0,0,0,0,0
448,0,12,02404,0,0,0,0,0
449,0,12,02501,0,0,0,0,0
450,0,12,02502,0,0,0,0,0
451,0,12,02503,0,0,0,0,0
452,0,12,02601,0,0,0,0,0
453,0,12,02602,0,0,0,0,0
454,0,12,02603,0,0,0,0,0
455,0,12,02604,0,0,0,0,0
456,0,12,02605,0,0,0,0,0
457,0,12,02606,0,0,0,0,0
458,0,12,02607,0,0,0,0,0
459,0,12,02608,0,0,0,0,0
460,0,12,02701,0,0,0,0,0
461,0,12,02702,0,0,0,0,0
462,0,12,02703,0,0,0,0,0
463,0,12,02704,0,0,0,0,0
464,0,12,02705,0,0,0,0,0
465,0,12,02706,0,0,0,0,0
466,0,12,02707,0,0,0,0,0
467,0,12,02708,0,0,0,0,0
468,0,12,02801,0,0,0,0,0
469,0,12,02802,0,0,0,0,0
470,0,12,02901,0,0,0,0,0
471,0,12,02902,0,0,0,0,0
472,0,12,03000,0,0,0,0,0
473,0,12,03100,0,0,0,0,0
474,0,12,03200,0,0,0,0,0
475,0,12,03300,0,0,0,0,0
476,0,12,03400,0,0,0,0,0
477,0,12,03501,0,0,0,0,0
478,0,12,03502,0,0,0,0,0
479,0,12,03503,0,0,0,0,0
480,0,12,03504,0,0,0,0,0
481,0,12,03505,0,0,0,0,0
482,0,12,03506,0,0,0,0,0
483,0,12,03507,0,0,0,0,0
484,0,12,03508,0,0,0,0,0
485,0,12,03509,0,0,0,0,0
486,0,12,03601,0,0,0,0,0
487,0,12,03602,0,0,0,0,0
488,0,12,03603,0,0,0,0,0
489,0,12,03604,0,0,0,0,0
490,0,12,03605,0,0,0,0,0
491,0,12,03606,0,0,0,0,0
492,0,12,03607,0,0,0,0,0
493,0,12,03608,0,0,0,0,0
494,0,12,03609,0,0,0,0,0
495,0,12,03610,0,0,0,0,0
496,0,12,03611,0,0,0,0,0
497,0,12,03612,0,0,0,0,0
498,0,12,03613,0,0,0,0,0
499,0,12,03701,0,0,0,0,0
500,0,12,03702,0,0,0,0,0
501,0,12,03800,0,0,0,0,0
502,0,12,03901,0,0,0,0,0
503,0,12,03902,0,0,0,0,0
504,0,12,03903,0,0,0,0,0
505,0,12,04001,0,0,0,0,0
506,0,12,04002,0,0,0,0,0
507,0,12,04003,0,0,0,0,0
508,0,12,04004,0,0,0,0,0
509,0,12,04005,0,0,0,0,0
510,0,12,04006,0,0,0,0,0
511,0,12,04007,0,0,0,0,0
512,0,12,04008,0,0,0,0,0
513,0,12,04009,0,0,0,0,0
514,0,12,04010,0,0,0,0,0
515,0,12,04011,0,0,0,0,0
516,0,12,04012,0,0,0,0,0
517,0,12,04013,0,0,0,0,0
518,0,12,04014,0,0,0,0,0
519,0,12,04015,0,0,0,0,0
520,0,12,04016,0,0,0,0,0
521,0,12,04017,0,0,0,0,0
522,0,12,04018,0,0,0,0,0
523,0,12,04019,0,0,0,0,0
524,0,12,04020,0,0,0,0,0
525,152919,13,00100,74747,78172,576,395,711
526,119735,13,00200,60052,59683,252,241,646
527,153924,13,00300,75547,78377,1119,292,830
528,0,13,00400,0,0,0,0,0
529,170469,13,00500,86258,84211,915,477,912
530,116296,13,00600,56648,59648,582,126,784
531,126574,13,00700,61831,64743,1000,400,655
532,110511,13,00800,53603,56908,652,418,488
533,118398,13,00900,55727,62671,765,385,608
534,0,13,01000,0,0,0,0,0
535,0,13,01101,0,0,0,0,0
536,0,13,01102,0,0,0,0,0
537,0,13,01103,0,0,0,0,0
538,0,13,01104,0,0,0,0,0
539,0,13,01105,0,0,0,0,0
540,0,13,01106,0,0,0,0,0
541,0,13,01107,0,0,0,0,0
542,0,13,01201,0,0,0,0,0
543,0,13,01202,0,0,0,0,0
544,0,13,01203,0,0,0,0,0
545,0,13,01204,0,0,0,0,0
546,0,13,01205,0,0,0,0,0
547,0,13,01206,0,0,0,0,0
548,0,13,01301,0,0,0,0,0
549,0,13,01302,0,0,0,0,0
550,0,13,01303,0,0,0,0,0
551,0,13,01304,0,0,0,0,0
552,0,13,01305,0,0,0,0,0
553,0,13,01401,0,0,0,0,0
554,0,13,01402,0,0,0,0,0
555,0,13,01501,0,0,0,0,0
556,0,13,01502,0,0,0,0,0
557,0,13,01503,0,0,0,0,0
558,0,13,01504,0,0,0,0,0
559,0,13,01505,0,0,0,0,0
560,180185,13,01600,89515,90670,701,455,823
561,205610,13,01700,101714,103896,830,312,1763
562,162992,13,01800,81698,81294,902,510,755
563,154304,13,01900,75777,78527,868,321,902
564,0,13,02000,0,0,0,0,0
565,145797,13,02100,70849,74948,1180,841,1299
566,102998,13,02200,49435,53563,631,409,1025
567,118723,13,02300,57949,60774,367,381,1123
568,113646,13,02400,55085,58561,494,262,561
569,169369,13,02500,82253,87116,964,417,962
570,177844,13,02600,87689,90155,1210,622,1201
571,104096,13,02700,51743,52353,565,268,540
572,186400,13,02800,91721,94679,907,853,988
573,106527,13,02900,52872,53655,783,619,507
574,0,13,03000,0,0,0,0,0
575,0,13,03100,0,0,0,0,0
576,141032,13,03200,68948,72084,641,419,1123
577,236502,13,03300,117342,119160,950,409,1928
578,201563,13,03400,100257,101306,1306,925,880
579,139020,13,03500,67397,71623,921,324,660
580,127166,13,03600,60621,66545,543,102,858
581,120850,13,03700,59465,61385,788,435,756
582,151757,13,03800,74682,77075,993,566,1029
583,126213,13,03900,61421,64792,745,339,816
584,202155,13,04000,97767,104388,1124,626,1504
585,154256,13,04100,75457,78799,529,668,1267
586,124375,13,04200,60697,63678,651,424,923
587,199858,13,04300,94266,105592,1206,1158,1327
588,239266,15,00100,119063,120203,3157,1603,1165
589,201258,15,00200,99810,101448,935,619,875
590,103400,15,00301,53417,49983,878,357,525
591,113548,15,00302,57615,55933,1071,303,861
592,104977,15,00303,51687,53290,769,295,312
593,124790,15,00304,61944,62846,556,259,509
594,113957,15,00305,57844,56113,1498,703,596
595,150008,15,00306,77131,72877,1512,991,956
596,140619,15,00307,70655,69964,2180,1198,789
597,124749,16,00100,62953,61796,546,208,426
598,155713,16,00200,77124,78589,292,276,840
599,108285,16,00300,55085,53200,679,297,828
600,126040,16,00400,62270,63770,626,305,730
601,131677,16,00500,64854,66823,857,714,685
602,139023,16,00600,70802,68221,368,119,1601
603,0,16,00700,0,0,0,0,0
604,125750,16,00800,65178,60572,303,136,969
605,110024,16,00900,54701,55323,411,212,467
606,0,17,00101,0,0,0,0,0
607,0,17,00102,0,0,0,0,0
608,0,17,00103,0,0,0,0,0
609,0,17,00200,0,0,0,0,0
610,108222,17,00300,54593,53629,413,156,738
611,0,17,00400,0,0,0,0,0
612,0,17,00500,0,0,0,0,0
613,98970,17,00600,48621,50349,379,198,678
614,105019,17,00700,53910,51109,338,248,633
615,131081,17,00800,65121,65960,554,251,697
616,184011,17,00900,92128,91883,607,424,1661
617,0,17,01000,0,0,0,0,0
618,0,17,01101,0,0,0,0,0
619,0,17,01102,0,0,0,0,0
620,0,17,01201,0,0,0,0,0
621,0,17,01202,0,0,0,0,0
622,195897,17,01300,93897,102000,831,655,1193
623,0,17,01400,0,0,0,0,0
624,104912,17,01500,50183,54729,399,319,1075
625,0,17,01600,0,0,0,0,0
626,0,17,01700,0,0,0,0,0
627,0,17,01800,0,0,0,0,0
628,132659,17,01900,65500,67159,543,320,1015
629,171847,17,02000,83728,88119,779,343,1345
630,210489,17,02100,104959,105530,847,288,1600
631,153201,17,02200,76322,76879,555,282,855
632,109773,17,02300,54292,55481,256,195,817
633,109301,17,02400,55101,54200,445,237,514
634,0,17,02500,0,0,0,0,0
635,0,17,02600,0,0,0,0,0
636,95314,17,02700,46547,48767,313,280,532
637,0,17,02800,0,0,0,0,0
638,0,17,02900,0,0,0,0,0
639,0,17,03001,0,0,0,0,0
640,0,17,03002,0,0,0,0,0
641,0,17,03003,0,0,0,0,0
642,0,17,03004,0,0,0,0,0
643,147648,17,03005,73441,74207,619,634,871
644,0,17,03006,0,0,0,0,0
645,0,17,03101,0,0,0,0,0
646,133924,17,03102,66133,67791,656,407,673
647,0,17,03103,0,0,0,0,0
648,0,17,03104,0,0,0,0,0
649,0,17,03201,0,0,0,0,0
650,117254,17,03202,57701,59553,175,164,702
651,119566,17,03203,60473,59093,239,192,767
652,147791,17,03204,71801,75990,703,158,488
653,125724,17,03205,60611,65113,449,355,717
654,0,17,03206,0,0,0,0,0
655,0,17,03301,0,0,0,0,0
656,0,17,03302,0,0,0,0,0
657,0,17,03303,0,0,0,0,0
658,0,17,03304,0,0,0,0,0
659,0,17,03305,0,0,0,0,0
660,125930,17,03401,60819,65111,475,154,727
661,0,17,03402,0,0,0,0,0
662,0,17,03403,0,0,0,0,0
663,0,17,03404,0,0,0,0,0
664,0,17,03405,0,0,0,0,0
665,0,17,03406,0,0,0,0,0
666,174062,17,03407,84945,89117,1179,566,632
667,188370,17,03408,92063,96307,788,651,1249
668,151364,17,03409,74866,76498,794,741,1294
669,175060,17,03410,86865,88195,658,205,698
670,169555,17,03411,82501,87054,967,748,957
671,107322,17,03412,52713,54609,488,418,568
672,165235,17,03413,75873,89362,1048,675,1619
673,165287,17,03414,77533,87754,711,396,1196
674,174283,17,03501,87613,86670,330,71,1161
675,171019,17,03502,87146,83873,122,0,489
676,156407,17,03503,76773,79634,707,342,951
677,141586,17,03504,69620,71966,751,533,1062
678,0,17,03505,0,0,0,0,0
679,0,17,03506,0,0,0,0,0
680,0,17,03507,0,0,0,0,0
681,0,17,03508,0,0,0,0,0
682,0,17,03509,0,0,0,0,0
683,0,17,03510,0,0,0,0,0
684,0,17,03511,0,0,0,0,0
685,0,17,03512,0,0,0,0,0
686,0,17,03513,0,0,0,0,0
687,0,17,03514,0,0,0,0,0
688,0,17,03515,0,0,0,0,0
689,0,17,03516,0,0,0,0,0
690,0,17,03517,0,0,0,0,0
691,0,17,03518,0,0,0,0,0
692,0,17,03519,0,0,0,0,0
693,0,18,00100,0,0,0,0,0
694,0,18,00201,0,0,0,0,0
695,0,18,00202,0,0,0,0,0
696,0,18,00203,0,0,0,0,0
697,109844,18,00300,56743,53101,396,315,544
698,0,18,00400,0,0,0,0,0
699,205071,18,00500,101248,103823,1008,953,1426
700,165074,18,00600,83313,81761,544,426,1023
701,103007,18,00700,51481,51526,453,126,499
702,125692,18,00800,62770,62922,438,217,402
703,133758,18,00900,66390,67368,376,178,727
704,0,18,01000,0,0,0,0,0
705,123594,18,01100,61930,61664,529,334,1038
706,193512,18,01200,98552,94960,565,218,1654
707,135360,18,01300,66177,69183,527,449,866
708,133165,18,01400,65593,67572,592,305,395
709,105574,18,01500,53928,51646,410,252,576
710,103881,18,01600,52014,51867,403,341,593
711,107362,18,01700,54402,52960,499,214,728
712,0,18,01800,0,0,0,0,0
713,0,18,01901,0,0,0,0,0
714,0,18,01902,0,0,0,0,0
715,0,18,02001,0,0,0,0,0
716,0,18,02002,0,0,0,0,0
717,122560,18,02100,61918,60642,454,248,609
718,166998,18,02200,83486,83512,795,434,1080
719,110445,18,02301,50187,60258,540,546,761
720,112093,18,02302,52723,59370,334,335,790
721,125905,18,02303,58808,67097,519,466,1287
722,148855,18,02304,73150,75705,951,769,978
723,150633,18,02305,75947,74686,540,547,1066
724,163255,18,02306,78080,85175,1130,582,1284
725,145705,18,02307,71817,73888,855,130,738
726,156052,18,02400,76148,79904,462,768,799
727,121237,18,02500,60013,61224,478,134,767
728,113229,18,02600,55268,57961,634,391,603
729,161258,18,02700,80369,80889,805,477,573
730,147529,18,02800,73768,73761,289,101,1329
731,127299,18,02900,63649,63650,605,366,631
732,110422,18,03000,54262,56160,870,569,401
733,117631,18,03100,58330,59301,465,280,713
734,121630,18,03200,60174,61456,521,142,432
735,181641,18,03300,87749,93892,557,296,1332
736,141429,18,03400,71570,69859,599,199,730
737,146115,18,03500,71618,74497,522,168,827
738,117366,18,03600,56738,60628,299,163,550
739,0,18,03700,0,0,0,0,0
740,0,18,03800,0,0,0,0,0
741,118296,19,00100,59093,59203,127,211,1328
742,112787,19,00200,55763,57024,257,80,954
743,0,19,00300,0,0,0,0,0
744,117349,19,00400,58766,58583,284,99,1192
745,131580,19,00500,64707,66873,212,61,1081
746,127407,19,00600,64009,63398,673,110,1241
747,154896,19,00700,77090,77806,428,272,1424
748,128334,19,00800,63671,64663,646,378,1059
749,172931,19,00900,84983,87948,384,204,1538
750,225244,19,01000,110875,114369,532,498,2228
751,150755,19,01100,74164,76591,198,180,1899
752,116599,19,01200,57769,58830,280,149,1031
753,123512,19,01300,63761,59751,270,72,1325
754,159462,19,01400,79617,79845,518,141,1684
755,201955,19,01500,98839,103116,374,282,2120
756,152469,19,01600,75379,77090,304,36,1472
757,199615,19,01700,98249,101366,1231,639,2320
758,103057,19,01800,51141,51916,342,251,792
759,118886,19,01900,59421,59465,300,79,951
760,107478,20,00100,53514,53964,311,190,892
761,143689,20,00200,72665,71024,649,361,1199
762,131713,20,00300,68835,62878,352,114,1160
763,124465,20,00400,64712,59753,441,216,879
764,165388,20,00500,82177,83211,1164,560,855
765,121407,20,00601,59277,62130,355,214,1138
766,153847,20,00602,75058,78789,263,96,1042
767,167940,20,00603,83140,84800,437,165,1626
768,154481,20,00604,76031,78450,264,46,1534
769,121320,20,00700,60351,60969,219,115,1528
770,0,20,00800,0,0,0,0,0
771,105357,20,00900,52864,52493,448,454,825
772,100366,20,01000,50313,50053,212,102,566
773,110814,20,01100,55501,55313,362,178,821
774,134063,20,01200,68907,65156,811,398,753
775,0,20,01300,0,0,0,0,0
776,0,20,01401,0,0,0,0,0
777,0,20,01402,0,0,0,0,0
778,0,20,01403,0,0,0,0,0
779,127122,20,01500,63021,64101,590,414,957
780,0,20,01600,0,0,0,0,0
781,196113,21,00100,95368,100745,1312,473,1357
782,106541,21,00200,52291,54250,648,397,497
783,106522,21,00300,55790,50732,282,280,973
784,174838,21,00400,85938,88900,783,538,789
785,130676,21,00500,64360,66316,449,282,1048
786,106683,21,00600,52267,54416,650,297,594
787,102705,21,00700,50822,51883,590,338,882
788,111022,21,00800,54822,56200,328,532,490
789,120229,21,00900,58829,61400,497,305,558
790,104630,21,01000,51950,52680,457,306,435
791,140592,21,01100,69739,70853,742,600,572
792,109956,21,01200,55206,54750,417,337,870
793,165905,21,01300,82108,83797,875,649,785
794,106587,21,01400,52580,54007,578,116,557
795,109771,21,01500,53588,56183,376,206,687
796,118861,21,01600,59163,59698,515,339,1075
797,125750,21,01701,58660,67090,814,474,1205
798,118091,21,01702,58735,59356,300,83,656
799,117361,21,01703,56331,61030,391,45,619
800,134270,21,01704,64225,70045,365,234,831
801,128389,21,01705,62849,65540,494,467,727
802,120097,21,01800,60562,59535,336,143,1090
803,115835,21,01901,56059,59776,170,102,1082
804,206539,21,01902,101522,105017,408,253,1356
805,121600,21,02000,58761,62839,516,273,615
806,125516,21,02100,61572,63944,593,272,678
807,118393,21,02200,57632,60761,632,235,1098
808,138008,21,02300,67383,70625,482,349,1088
809,166693,21,02400,82348,84345,908,556,1175
810,132399,21,02500,65980,66419,513,272,1071
811,123372,22,00101,57367,66005,717,262,630
812,0,22,00102,0,0,0,0,0
813,165216,22,00200,81223,83993,685,613,622
814,174564,22,00300,86136,88428,968,209,920
815,154444,22,00400,73928,80516,691,428,1210
816,147363,22,00500,73440,73923,967,377,544
817,120920,22,00600,62798,58122,706,479,319
818,179724,22,00700,89365,90359,1396,449,750
819,148055,22,00800,76240,71815,594,486,622
820,156256,22,00900,75079,81177,672,164,728
821,116154,22,01000,57007,59147,436,206,545
822,122415,22,01100,59517,62898,483,281,515
823,122052,22,01200,59944,62108,531,178,314
824,174354,22,01300,85848,88506,856,517,665
825,0,22,01401,0,0,0,0,0
826,0,22,01402,0,0,0,0,0
827,175892,22,01501,81783,94109,708,767,1309
828,133879,22,01502,66203,67676,705,248,1094
829,125010,22,01600,61759,63251,641,438,1184
830,150706,22,01700,73932,76774,940,475,1196
831,0,22,01803,0,0,0,0,0
832,0,22,01804,0,0,0,0,0
833,0,22,01901,0,0,0,0,0
834,0,22,01902,0,0,0,0,0
835,0,22,01903,0,0,0,0,0
836,0,22,01904,0,0,0,0,0
837,0,22,02001,0,0,0,0,0
838,0,22,02002,0,0,0,0,0
839,111408,22,02100,55170,56238,628,202,453
840,138846,22,02200,68150,70696,678,189,798
841,107397,22,02300,51792,55605,439,186,754
842,145827,22,02400,67321,78506,1067,325,621
843,123416,22,02500,60713,62703,654,353,972
844,0,22,77777,0,0,0,0,0
845,98845,23,00100,48749,50096,313,130,561
846,155222,23,00200,76784,78438,844,280,873
847,151521,23,00300,75108,76413,395,376,915
848,122124,23,00400,59459,62665,459,282,715
849,168530,23,00500,82544,85986,470,160,969
850,107816,23,00600,52942,54874,374,225,480
851,106055,23,00700,51127,54928,231,55,746
852,181441,23,00800,88755,92686,628,264,1474
853,137513,23,00900,66696,70817,370,67,1224
854,111758,23,01000,53361,58397,398,60,731
855,100129,24,00100,51797,48332,358,204,568
856,150522,24,00200,76218,74304,698,542,1236
857,0,24,00300,0,0,0,0,0
858,168255,24,00400,83303,84952,631,351,1250
859,119242,24,00501,57868,61374,563,338,654
860,134853,24,00502,60570,74283,943,618,1208
861,117294,24,00503,56134,61160,382,288,1051
862,116560,24,00504,54238,62322,396,268,835
863,113194,24,00505,54207,58987,766,263,802
864,112847,24,00506,53552,59295,1120,560,587
865,114150,24,00507,55626,58524,465,240,747
866,138096,24,00601,68535,69561,717,340,854
867,115791,24,00602,55683,60108,689,166,1233
868,102776,24,00700,50857,51919,560,318,624
869,130330,24,00801,58508,71822,1012,663,835
870,107743,24,00802,52442,55301,768,127,682
871,121206,24,00803,54325,66881,1067,751,774
872,130830,24,00804,65095,65735,926,184,707
873,111972,24,00805,52346,59626,830,356,731
874,0,24,00806,0,0,0,0,0
875,141751,24,00901,70053,71698,601,258,651
876,180619,24,00902,87294,93325,568,593,1764
877,144490,24,01001,71199,73291,584,320,1185
878,137074,24,01002,66573,70501,1108,711,1428
879,190372,24,01003,91235,99137,1219,558,1520
880,190522,24,01004,90893,99629,651,412,1152
881,144756,24,01005,70542,74214,733,619,1694
882,123034,24,01006,59398,63636,560,541,955
883,118230,24,01007,57271,60959,236,154,937
884,120837,24,01101,63065,57772,429,370,1078
885,137282,24,01102,64848,72434,831,448,915
886,111667,24,01103,56579,55088,784,356,554
887,115934,24,01104,53040,62894,825,490,952
888,186237,24,01105,87996,98241,1159,882,1544
889,124955,24,01106,59687,65268,820,721,555
890,113228,24,01107,52370,60858,601,311,1149
891,178508,24,01201,89175,89333,780,545,1599
892,117962,24,01202,56917,61045,532,268,1045
893,137080,24,01203,67100,69980,509,282,918
894,141478,24,01204,70978,70500,546,249,653
895,171989,24,01300,83005,88984,610,478,1345
896,180871,24,01400,88452,92419,1063,601,952
897,205267,24,01500,102327,102940,836,567,1729
898,161706,24,01600,78304,83402,1240,1103,1038
899,125807,25,00100,60837,64970,425,292,625
900,123468,25,00200,60376,63092,443,220,748
901,185259,25,00300,91014,94245,821,428,1337
902,112238,25,00400,59068,53170,445,348,729
903,0,25,00500,0,0,0,0,0
904,0,25,00600,0,0,0,0,0
905,0,25,00700,0,0,0,0,0
906,0,25,00800,0,0,0,0,0
907,0,25,00900,0,0,0,0,0
908,134399,25,01000,63964,70435,595,234,844
909,0,25,01100,0,0,0,0,0
910,0,25,01200,0,0,0,0,0
911,134051,25,01300,65664,68387,470,288,976
912,126143,25,01400,61989,64154,368,211,1062
913,0,25,01500,0,0,0,0,0
914,145131,25,01600,67778,77353,445,297,926
915,0,25,01700,0,0,0,0,0
916,0,25,01800,0,0,0,0,0
917,153912,25,01900,72871,81041,724,421,1477
918,0,25,02000,0,0,0,0,0
919,0,25,02100,0,0,0,0,0
920,0,25,02200,0,0,0,0,0
921,0,25,02300,0,0,0,0,0
922,124232,25,02400,60931,63301,648,227,1476
923,0,25,02500,0,0,0,0,0
924,0,25,02600,0,0,0,0,0
925,0,25,02700,0,0,0,0,0
926,147345,25,02800,72274,75071,748,359,1448
927,0,25,02900,0,0,0,0,0
928,0,25,03000,0,0,0,0,0
929,0,25,03100,0,0,0,0,0
930,0,25,03200,0,0,0,0,0
931,118340,25,03301,56816,61524,149,64,749
932,163161,25,03302,80209,82952,677,319,1234
933,123623,25,03303,60390,63233,635,342,560
934,141065,25,03304,65995,75070,607,628,1700
935,142306,25,03305,67335,74971,637,388,1527
936,147656,25,03400,69304,78352,502,350,800
937,112351,25,03500,52487,59864,324,311,817
938,0,25,03600,0,0,0,0,0
939,0,25,03700,0,0,0,0,0
940,0,25,03800,0,0,0,0,0
941,137424,25,03900,65558,71866,688,357,812
942,129122,25,04000,61324,67798,879,630,1159
943,0,25,04100,0,0,0,0,0
944,128208,25,04200,63567,64641,493,315,796
945,0,25,04300,0,0,0,0,0
946,0,25,04400,0,0,0,0,0
947,111525,25,04500,54210,57315,498,169,925
948,0,25,04600,0,0,0,0,0
949,129845,25,04700,62162,67683,442,229,876
950,112453,25,04800,54506,57947,307,134,592
951,169818,26,00100,87799,82019,518,272,641
952,130588,26,00200,68194,62394,435,201,938
953,133137,26,00300,66623,66514,423,356,505
954,148730,26,00400,74262,74468,635,234,594
955,156507,26,00500,77630,78877,837,222,629
956,115804,26,00600,58204,57600,478,96,612
957,173738,26,00700,86308,87430,651,400,1156
958,0,26,00800,0,0,0,0,0
959,117028,26,00900,58331,58697,446,221,423
960,0,26,01000,0,0,0,0,0
961,194558,26,01100,101405,93153,838,386,1048
962,141956,26,01200,71438,70518,357,318,999
963,110267,26,01300,55416,54851,530,288,421
964,0,26,01401,0,0,0,0,0
965,0,26,01402,0,0,0,0,0
966,0,26,01403,0,0,0,0,0
967,191320,26,01500,93241,98079,677,665,1121
968,124618,26,01600,62347,62271,447,212,578
969,0,26,01700,0,0,0,0,0
970,0,26,01800,0,0,0,0,0
971,188764,26,01900,93096,95668,490,292,1517
972,194666,26,02000,95997,98669,904,698,1102
973,0,26,02100,0,0,0,0,0
974,104143,26,02200,52837,51306,448,416,426
975,0,26,02301,0,0,0,0,0
976,0,26,02302,0,0,0,0,0
977,153588,26,02400,75172,78416,813,478,670
978,0,26,02501,0,0,0,0,0
979,0,26,02502,0,0,0,0,0
980,0,26,02503,0,0,0,0,0
981,0,26,02504,0,0,0,0,0
982,0,26,02505,0,0,0,0,0
983,0,26,02506,0,0,0,0,0
984,0,26,02507,0,0,0,0,0
985,0,26,02508,0,0,0,0,0
986,0,26,02601,0,0,0,0,0
987,0,26,02602,0,0,0,0,0
988,0,26,02700,0,0,0,0,0
989,190793,26,02800,95786,95007,688,288,969
990,0,26,02900,0,0,0,0,0
991,0,26,03000,0,0,0,0,0
992,159424,26,03100,79405,80019,427,192,868
993,0,26,03200,0,0,0,0,0
994,150047,26,03300,74142,75905,614,217,802
995,0,26,03400,0,0,0,0,0
996,0,26,03500,0,0,0,0,0
997,0,26,03600,0,0,0,0,0
998,0,26,03701,0,0,0,0,0
999,0,26,03702,0,0,0,0,0
1000,0,26,03703,0,0,0,0,0
1001,0,26,03704,0,0,0,0,0
1002,0,26,03705,0,0,0,0,0
1003,0,26,03706,0,0,0,0,0
1004,0,26,03707,0,0,0,0,0
1005,0,26,03708,0,0,0,0,0
1006,0,26,03801,0,0,0,0,0
1007,0,26,03802,0,0,0,0,0
1008,0,26,03803,0,0,0,0,0
1009,0,26,03804,0,0,0,0,0
1010,0,26,03805,0,0,0,0,0
1011,0,26,03806,0,0,0,0,0
1012,0,26,03807,0,0,0,0,0
1013,0,26,03900,0,0,0,0,0
1014,0,26,04000,0,0,0,0,0
1015,0,26,04101,0,0,0,0,0
1016,0,26,04102,0,0,0,0,0
1017,0,26,04103,0,0,0,0,0
1018,0,26,04104,0,0,0,0,0
1019,148864,27,00100,74478,74386,333,58,1190
1020,120454,27,00200,60483,59971,207,150,804
1021,122993,27,00300,63106,59887,434,132,1033
1022,130081,27,00400,66178,63903,418,105,617
1023,100509,27,00500,49142,51367,167,43,987
1024,167213,27,00600,86015,81198,654,337,1223
1025,136230,27,00700,68408,67822,350,157,904
1026,146988,27,00800,74150,72838,280,107,1192
1027,159711,27,00900,80214,79497,593,340,1685
1028,0,27,01001,0,0,0,0,0
1029,0,27,01002,0,0,0,0,0
1030,0,27,01100,0,0,0,0,0
1031,132934,27,01201,66168,66766,432,230,999
1032,126148,27,01202,63013,63135,464,409,1226
1033,0,27,01203,0,0,0,0,0
1034,132866,27,01301,64087,68779,413,173,1001
1035,108286,27,01302,53168,55118,442,281,648
1036,141983,27,01303,70678,71305,872,757,1134
1037,121134,27,01401,61430,59704,89,216,589
1038,118063,27,01402,57191,60872,326,193,584
1039,115995,27,01403,56554,59441,839,339,1048
1040,110569,27,01404,53208,57361,571,431,1225
1041,153602,27,01405,77662,75940,595,183,1999
1042,133914,27,01406,66261,67653,389,507,1547
1043,154717,27,01501,75516,79201,482,154,1649
1044,155222,27,01502,78668,76554,530,119,1689
1045,0,27,01601,0,0,0,0,0
1046,0,27,01602,0,0,0,0,0
1047,119559,27,01700,59938,59621,665,11,1169
1048,136323,27,01800,69020,67303,606,153,1068
1049,131076,27,01900,66274,64802,478,176,726
1050,100009,27,02000,50091,49918,201,73,694
1051,114130,27,02100,57011,57119,278,129,967
1052,120470,27,02200,59911,60559,293,98,1633
1053,141617,27,02300,71219,70398,660,212,784
1054,127834,27,02400,64176,63658,585,377,989
1055,156470,27,02500,76459,80011,284,262,1520
1056,182295,28,00100,87935,94360,805,412,1137
1057,147237,28,00200,71678,75559,922,700,1072
1058,115853,28,00300,56019,59834,721,387,1109
1059,144507,28,00400,70036,74471,1029,403,879
1060,145857,28,00500,69854,76003,801,217,1115
1061,174889,28,00600,84371,90518,757,278,1571
1062,117658,28,00700,56364,61294,907,292,854
1063,115901,28,00800,56022,59879,634,526,1056
1064,113462,28,00900,57120,56342,420,89,1467
1065,108848,28,01000,51095,57753,684,263,1091
1066,120534,28,01100,54349,66185,520,310,911
1067,101277,28,01200,48775,52502,801,280,707
1068,180731,28,01300,87431,93300,628,371,2063
1069,122667,28,01400,60373,62294,850,483,895
1070,112791,28,01500,54186,58605,643,277,714
1071,176381,28,01600,85124,91257,1725,883,979
1072,132165,28,01700,65586,66579,577,332,695
1073,174393,28,01800,83520,90873,993,661,1230
1074,145171,28,01900,71666,73505,871,434,947
1075,206357,28,02000,101314,105043,1261,893,2059
1076,142861,28,02100,70444,72417,1055,439,802
1077,0,28,02200,0,0,0,0,0
1078,0,28,02300,0,0,0,0,0
1079,108697,29,00100,53095,55602,471,229,627
1080,117035,29,00200,60152,56883,587,422,594
1081,124211,29,00300,61269,62942,555,212,1126
1082,147776,29,00400,73658,74118,923,469,870
1083,150957,29,00500,76925,74032,732,179,1309
1084,179669,29,00600,87277,92392,418,132,1780
1085,133922,29,00700,67321,66601,671,200,608
1086,139237,29,00800,70433,68804,467,193,1075
1087,117524,29,00901,57874,59650,455,150,711
1088,118225,29,00902,57821,60404,588,457,564
1089,178144,29,01001,87675,90469,790,324,1456
1090,128854,29,01002,62026,66828,506,347,1035
1091,135457,29,01003,65836,69621,537,202,1236
1092,109955,29,01004,52601,57354,217,66,500
1093,120891,29,01100,58925,61966,637,263,754
1094,123519,29,01200,61219,62300,725,458,538
1095,113351,29,01300,55522,57829,560,326,738
1096,143658,29,01400,75588,68070,340,134,693
1097,107615,29,01500,54514,53101,401,308,501
1098,0,29,01601,0,0,0,0,0
1099,0,29,01602,0,0,0,0,0
1100,114947,29,01701,56289,58658,251,411,569
1101,147497,29,01702,74153,73344,469,457,996
1102,136386,29,01703,66436,69950,492,355,702
1103,0,29,01704,0,0,0,0,0
1104,0,29,01705,0,0,0,0,0
1105,0,29,01706,0,0,0,0,0
1106,0,29,01707,0,0,0,0,0
1107,0,29,01708,0,0,0,0,0
1108,117027,29,01801,51233,65794,835,505,798
1109,125576,29,01802,58568,67008,453,301,1220
1110,107426,29,01803,51415,56011,590,380,967
1111,0,29,01900,0,0,0,0,0
1112,0,29,02000,0,0,0,0,0
1113,128783,29,02100,67091,61692,429,423,661
1114,129607,29,02200,62906,66701,316,264,862
1115,105928,29,02300,51251,54677,712,287,857
1116,103700,29,02400,51216,52484,655,747,339
1117,125165,29,02500,62217,62948,745,513,498
1118,0,29,02600,0,0,0,0,0
1119,145951,29,02700,71470,74481,681,251,636
1120,135784,30,00100,67959,67825,254,108,553
1121,209027,30,00200,104215,104812,898,644,1657
1122,159193,30,00300,80830,78363,626,211,862
1123,147226,30,00400,74109,73117,438,275,1045
1124,151559,30,00500,78310,73249,303,125,1246
1125,154693,30,00600,77083,77610,443,518,985
1126,104223,30,00700,51516,52707,192,76,833
1127,106760,31,00100,52883,53877,315,222,871
1128,181988,31,00200,92075,89913,861,466,1812
1129,109036,31,00300,54677,54359,278,165,1108
1130,102741,31,00400,51677,51064,204,300,927
1131,116889,31,00500,58431,58458,267,164,1760
1132,136103,31,00600,68333,67770,372,207,1628
1133,104475,31,00701,52396,52079,212,40,1273
1134,183949,31,00702,92056,91893,561,361,2086
1135,167991,31,00801,85359,82632,289,323,2245
1136,148003,31,00802,73129,74874,407,190,1662
1137,188133,31,00901,91389,96744,426,173,1941
1138,152789,31,00902,75840,76949,347,146,1585
1139,113912,31,00903,55614,58298,368,425,1169
1140,111057,31,00904,55919,55138,270,365,920
1141,0,32,00100,0,0,0,0,0
1142,163439,32,00200,83051,80388,774,487,831
1143,173991,32,00300,91867,82124,590,368,856
1144,0,32,00400,0,0,0,0,0
1145,0,32,00501,0,0,0,0,0
1146,0,32,00502,0,0,0,0,0
1147,0,32,00503,0,0,0,0,0
1148,0,32,00504,0,0,0,0,0
1149,0,32,00505,0,0,0,0,0
1150,0,32,00506,0,0,0,0,0
1151,0,32,00507,0,0,0,0,0
1152,0,32,00508,0,0,0,0,0
1153,0,32,00509,0,0,0,0,0
1154,0,32,00510,0,0,0,0,0
1155,0,32,00511,0,0,0,0,0
1156,121739,33,00100,60877,60862,755,180,634
1157,125355,33,00200,61844,63511,474,419,882
1158,156671,33,00300,77207,79464,432,226,1136
1159,115092,33,00400,57040,58052,452,179,794
1160,118992,33,00500,58402,60590,398,228,808
1161,109943,33,00600,54417,55526,512,138,820
1162,159407,33,00700,78364,81043,582,453,1138
1163,112242,33,00800,57251,54991,349,125,627
1164,137430,33,00900,68745,68685,679,472,1131
1165,198362,33,01000,98539,99823,856,451,1403
1166,0,33,01100,0,0,0,0,0
1167,108045,34,00101,52363,55682,423,441,522
1168,146484,34,00102,70912,75572,778,749,602
1169,0,34,00200,0,0,0,0,0
1170,112727,34,00301,53637,59090,688,428,759
1171,121261,34,00302,59898,61363,521,434,841
1172,144237,34,00303,70237,74000,555,723,1254
1173,122836,34,00304,58137,64699,702,664,1127
1174,104892,34,00305,51712,53180,237,181,466
1175,106047,34,00306,51214,54833,334,105,888
1176,145338,34,00400,70901,74437,1120,714,777
1177,138058,34,00501,67017,71041,923,607,1226
1178,110066,34,00502,53042,57024,522,485,1078
1179,139751,34,00601,72166,67585,523,161,908
1180,115427,34,00602,56163,59264,978,742,875
1181,145870,34,00701,72130,73740,978,711,1204
1182,136154,34,00702,66845,69309,805,542,1257
1183,134651,34,00703,67081,67570,575,352,1019
1184,125162,34,00800,62021,63141,364,131,724
1185,118740,34,00901,57506,61234,633,572,682
1186,112750,34,00902,55222,57528,371,309,852
1187,109804,34,00903,54412,55392,906,631,836
1188,108801,34,00904,53976,54825,692,362,643
1189,108850,34,00905,54677,54173,778,659,760
1190,107928,34,01001,53537,54391,407,268,530
1191,108333,34,01002,53137,55196,484,465,950
1192,100355,34,01101,49067,51288,393,197,451
1193,108371,34,01102,52148,56223,234,172,496
1194,103690,34,01103,49511,54179,546,281,495
1195,99185,34,01104,50315,48870,172,54,419
1196,106156,34,01105,51473,54683,534,237,770
1197,122644,34,01201,59559,63085,564,122,473
1198,110231,34,01202,52398,57833,596,281,642
1199,149515,34,01203,73805,75710,138,174,1469
1200,157571,34,01301,82366,75205,1028,568,1267
1201,124333,34,01302,55667,68666,946,597,1037
1202,114548,34,01401,55969,58579,502,326,887
1203,191252,34,01402,89295,101957,1320,613,1759
1204,107437,34,01403,51135,56302,559,181,669
1205,103543,34,01404,50209,53334,542,264,359
1206,130471,34,01501,65365,65106,694,231,865
1207,129622,34,01502,63123,66499,507,420,930
1208,111382,34,01503,54226,57156,471,277,669
1209,120949,34,01504,59218,61731,362,200,818
1210,141876,34,01600,70928,70948,346,369,1079
1211,105804,34,01700,52071,53733,350,86,1146
1212,128577,34,01800,63516,65061,1285,497,843
1213,108485,34,01901,51347,57138,648,597,977
1214,106008,34,01902,50820,55188,256,68,647
1215,101897,34,01903,50890,51007,489,342,442
1216,127912,34,02001,60762,67150,802,281,675
1217,153050,34,02002,73951,79099,737,471,932
1218,165430,34,02003,84782,80648,1159,725,1210
1219,122560,34,02101,58087,64473,1141,838,1194
1220,121721,34,02102,58170,63551,231,276,821
1221,144825,34,02103,71048,73777,798,667,1293
1222,117775,34,02104,57254,60521,417,477,498
1223,127637,34,02201,62163,65474,746,282,1053
1224,164376,34,02202,79834,84542,799,371,1245
1225,119545,34,02301,58308,61237,366,222,660
1226,146834,34,02302,71960,74874,477,195,1294
1227,111331,34,02400,57702,53629,585,389,648
1228,127402,35,00100,62452,64950,655,1008,656
1229,96885,35,00200,48166,48719,508,147,567
1230,122485,35,00300,60161,62324,392,343,458
1231,99506,35,00400,51323,48183,640,110,545
1232,150380,35,00500,72747,77633,662,223,618
1233,0,35,00601,0,0,0,0,0
1234,0,35,00602,0,0,0,0,0
1235,0,35,00603,0,0,0,0,0
1236,0,35,00604,0,0,0,0,0
1237,0,35,00605,0,0,0,0,0
1238,102239,35,00700,51580,50659,465,760,535
1239,0,35,00800,0,0,0,0,0
1240,102361,35,00900,51480,50881,429,304,682
1241,0,35,01000,0,0,0,0,0
1242,151493,35,01100,76410,75083,707,878,737
1243,108475,36,00100,55150,53325,405,318,1168
1244,172569,36,00200,90661,81908,551,307,895
1245,125432,36,00300,63330,62102,435,135,832
1246,112331,36,00401,55831,56500,656,349,431
1247,160050,36,00402,79350,80700,588,692,1064
1248,137733,36,00500,71649,66084,477,174,884
1249,117597,36,00600,58784,58813,405,359,1161
1250,0,36,00700,0,0,0,0,0
1251,0,36,00801,0,0,0,0,0
1252,0,36,00802,0,0,0,0,0
1253,0,36,00803,0,0,0,0,0
1254,0,36,00804,0,0,0,0,0
1255,132455,36,00901,62440,70015,434,125,753
1256,106332,36,00902,51208,55124,494,620,731
1257,0,36,01001,0,0,0,0,0
1258,0,36,01002,0,0,0,0,0
1259,0,36,01003,0,0,0,0,0
1260,0,36,01004,0,0,0,0,0
1261,0,36,01005,0,0,0,0,0
1262,0,36,01100,0,0,0,0,0
1263,0,36,01200,0,0,0,0,0
1264,102966,36,01300,53098,49868,199,235,866
1265,0,36,01401,0,0,0,0,0
1266,0,36,01402,0,0,0,0,0
1267,0,36,01501,0,0,0,0,0
1268,0,36,01502,0,0,0,0,0
1269,0,36,01601,0,0,0,0,0
1270,0,36,01602,0,0,0,0,0
1271,0,36,01603,0,0,0,0,0
1272,0,36,01604,0,0,0,0,0
1273,0,36,01605,0,0,0,0,0
1274,155167,36,01700,75711,79456,892,344,1629
1275,0,36,01800,0,0,0,0,0
1276,159165,36,01900,78710,80455,629,225,1380
1277,0,36,02000,0,0,0,0,0
1278,106979,36,02100,54641,52338,286,148,556
1279,122001,36,02201,59221,62780,286,102,898
1280,105497,36,02202,52475,53022,518,207,808
1281,102413,36,02300,50433,51980,259,68,552
1282,100264,36,02401,48855,51409,228,164,724
1283,97802,36,02402,49643,48159,272,143,626
1284,123369,36,02500,61533,61836,434,277,744
1285,0,36,02601,0,0,0,0,0
1286,0,36,02602,0,0,0,0,0
1287,0,36,02700,0,0,0,0,0
1288,0,36,02800,0,0,0,0,0
1289,0,36,02900,0,0,0,0,0
1290,0,36,03000,0,0,0,0,0
1291,101326,36,03101,50318,51008,606,372,1000
1292,148811,36,03102,74494,74317,645,513,1239
1293,115223,36,03201,55738,59485,348,163,607
1294,112562,36,03202,54195,58367,378,166,1076
1295,101644,36,03301,50018,51626,462,304,778
1296,99528,36,03302,48580,50948,569,378,681
1297,116278,36,03303,57183,59095,505,319,756
1298,0,36,03400,0,0,0,0,0
1299,0,36,03501,0,0,0,0,0
1300,0,36,03502,0,0,0,0,0
1301,0,36,03503,0,0,0,0,0
1302,0,36,03504,0,0,0,0,0
1303,0,36,03505,0,0,0,0,0
1304,0,36,03506,0,0,0,0,0
1305,0,36,03601,0,0,0,0,0
1306,0,36,03602,0,0,0,0,0
1307,108254,36,03701,50143,58111,603,286,1672
1308,151678,36,03702,67988,83690,1452,917,1959
1309,122098,36,03703,57345,64753,783,396,1158
1310,125903,36,03704,60652,65251,886,501,1650
1311,168410,36,03705,78387,90023,1441,998,2240
1312,131479,36,03706,63117,68362,1225,1220,2443
1313,137349,36,03707,64753,72596,840,582,1895
1314,141128,36,03708,65295,75833,1299,553,2473
1315,185661,36,03709,88162,97499,1373,1399,1864
1316,154704,36,03710,76788,77916,1023,807,1627
1317,214809,36,03801,105726,109083,1250,1399,2668
1318,130008,36,03802,61472,68536,927,459,1721
1319,135289,36,03803,62614,72675,663,307,1008
1320,119738,36,03804,54653,65085,867,402,1292
1321,214513,36,03805,94292,120221,241,58,308
1322,196749,36,03806,88015,108734,400,146,1128
1323,157573,36,03807,82182,75391,617,266,300
1324,149261,36,03808,70931,78330,394,70,444
1325,155420,36,03809,76486,78934,985,236,1387
1326,155643,36,03810,75322,80321,163,139,564
1327,163794,36,03901,80203,83591,668,451,587
1328,138615,36,03902,65533,73082,730,659,699
1329,173172,36,03903,85153,88019,1456,1181,1307
1330,163865,36,04001,82138,81727,379,280,961
1331,128517,36,04002,62514,66003,662,817,1932
1332,150910,36,04003,69358,81552,1009,558,1764
1333,144633,36,04004,67233,77400,931,263,1223
1334,118274,36,04005,55848,62426,615,351,659
1335,135395,36,04006,61517,73878,969,361,1834
1336,114909,36,04007,50651,64258,946,727,1557
1337,162577,36,04008,75228,87349,1252,1533,2108
1338,200652,36,04009,91391,109261,1406,1429,2165
1339,133376,36,04010,58702,74674,1532,822,1516
1340,106987,36,04011,49191,57796,656,353,1286
1341,137915,36,04012,69073,68842,679,464,1163
1342,121889,36,04013,59167,62722,815,916,677
1343,154462,36,04014,77687,76775,1159,851,1314
1344,156119,36,04015,75495,80624,961,755,1657
1345,149221,36,04016,72434,76787,656,579,1049
1346,185200,36,04017,90907,94293,1426,1628,1161
1347,112108,36,04018,51696,60412,578,320,1002
1348,161527,36,04101,79238,82289,864,655,1120
1349,165691,36,04102,85193,80498,1393,985,1577
1350,242575,36,04103,115547,127028,2594,1912,1398
1351,119480,36,04104,57409,62071,824,388,587
1352,203771,36,04105,95736,108035,2023,1956,1832
1353,161944,36,04106,78973,82971,872,607,1813
1354,140650,36,04107,69993,70657,1116,659,1620
1355,115235,36,04108,53773,61462,602,262,1042
1356,136285,36,04109,68486,67799,709,493,1156
1357,183977,36,04110,90483,93494,1258,914,1267
1358,143681,36,04111,73318,70363,1409,1492,1333
1359,234993,36,04112,108850,126143,2385,1670,2393
1360,132528,36,04113,64753,67775,1606,1620,1119
1361,128620,36,04114,61093,67527,841,542,1493
1362,0,36,04201,0,0,0,0,0
1363,0,36,04202,0,0,0,0,0
1364,0,36,04203,0,0,0,0,0
1365,0,36,04204,0,0,0,0,0
1366,0,36,04205,0,0,0,0,0
1367,0,36,04206,0,0,0,0,0
1368,0,36,04207,0,0,0,0,0
1369,0,36,04208,0,0,0,0,0
1370,0,36,04209,0,0,0,0,0
1371,0,36,04210,0,0,0,0,0
1372,0,36,04211,0,0,0,0,0
1373,0,36,04212,0,0,0,0,0
1374,0,36,04301,0,0,0,0,0
1375,0,36,04302,0,0,0,0,0
1376,0,36,04303,0,0,0,0,0
1377,0,36,04304,0,0,0,0,0
1378,0,36,04305,0,0,0,0,0
1379,0,36,04306,0,0,0,0,0
1380,0,36,04307,0,0,0,0,0
1381,0,36,04308,0,0,0,0,0
1382,0,36,04309,0,0,0,0,0
1383,0,36,04310,0,0,0,0,0
1384,0,36,04311,0,0,0,0,0
1385,0,36,04312,0,0,0,0,0
1386,132860,37,00100,66778,66082,498,206,912
1387,0,37,00201,0,0,0,0,0
1388,0,37,00202,0,0,0,0,0
1389,136783,37,00300,66015,70768,692,226,477
1390,121891,37,00400,60794,61097,634,368,746
1391,126064,37,00500,61112,64952,588,688,771
1392,100258,37,00600,48919,51339,431,514,345
1393,116663,37,00700,56981,59682,531,246,793
1394,99315,37,00800,49176,50139,417,481,601
1395,0,37,00901,0,0,0,0,0
1396,0,37,00902,0,0,0,0,0
1397,0,37,00903,0,0,0,0,0
1398,0,37,00904,0,0,0,0,0
1399,0,37,00905,0,0,0,0,0
1400,102732,37,01000,50115,52617,812,353,940
1401,203287,37,01100,99714,103573,750,510,1368
1402,0,37,01200,0,0,0,0,0
1403,0,37,01300,0,0,0,0,0
1404,146278,37,01400,69900,76378,450,421,685
1405,133704,37,01500,64149,69555,501,262,446
1406,0,37,01601,0,0,0,0,0
1407,0,37,01602,0,0,0,0,0
1408,0,37,01700,0,0,0,0,0
1409,0,37,01800,0,0,0,0,0
1410,107647,37,01900,53028,54619,438,353,391
1411,119298,37,02000,59594,59704,576,323,557
1412,135624,37,02100,68271,67353,788,479,474
1413,0,37,02200,0,0,0,0,0
1414,112655,37,02300,54961,57694,647,300,863
1415,111975,37,02400,54212,57763,604,203,518
1416,150369,37,02500,72340,78029,482,309,1329
1417,0,37,02601,0,0,0,0,0
1418,0,37,02602,0,0,0,0,0
1419,0,37,02701,0,0,0,0,0
1420,0,37,02702,0,0,0,0,0
1421,0,37,02703,0,0,0,0,0
1422,0,37,02801,0,0,0,0,0
1423,0,37,02802,0,0,0,0,0
1424,151342,37,02900,74481,76861,711,423,1237
1425,0,37,03000,0,0,0,0,0
1426,0,37,03100,0,0,0,0,0
1427,155720,37,03200,75939,79781,694,885,1164
1428,117951,37,03300,58216,59735,551,199,984
1429,141191,37,03400,69668,71523,874,394,1187
1430,166729,37,03500,81320,85409,668,336,914
1431,143320,37,03600,70814,72506,569,370,471
1432,126487,37,03700,61421,65066,268,199,788
1433,134197,37,03800,66445,67752,813,396,1260
1434,122292,37,03900,59865,62427,603,910,1225
1435,123901,37,04000,60812,63089,258,313,1353
1436,111447,37,04100,55853,55594,418,133,709
1437,180186,37,04200,84612,95574,738,982,1622
1438,102025,37,04300,50967,51058,428,186,722
1439,129082,37,04400,62715,66367,406,226,672
1440,152531,37,04500,86307,66224,241,312,1162
1441,122689,37,04600,60789,61900,620,486,926
1442,170423,37,04700,80775,89648,794,201,1108
1443,137372,37,04800,65850,71522,525,426,1234
1444,214877,38,00100,112174,102703,819,738,2882
1445,123033,38,00200,62213,60820,261,118,1484
1446,136577,38,00300,68803,67774,143,134,1303
1447,105816,38,00400,54536,51280,268,104,1080
1448,180091,38,00500,91436,88655,211,61,1636
1449,120671,39,00100,59690,60981,560,278,684
1450,0,39,00201,0,0,0,0,0
1451,0,39,00202,0,0,0,0,0
1452,0,39,00301,0,0,0,0,0
1453,0,39,00302,0,0,0,0,0
1454,0,39,00303,0,0,0,0,0
1455,136066,39,00400,66163,69903,873,507,796
1456,0,39,00501,0,0,0,0,0
1457,0,39,00502,0,0,0,0,0
1458,0,39,00601,0,0,0,0,0
1459,0,39,00602,0,0,0,0,0
1460,0,39,00603,0,0,0,0,0
1461,0,39,00604,0,0,0,0,0
1462,0,39,00605,0,0,0,0,0
1463,0,39,00606,0,0,0,0,0
1464,0,39,00607,0,0,0,0,0
1465,0,39,00608,0,0,0,0,0
1466,0,39,00609,0,0,0,0,0
1467,0,39,00610,0,0,0,0,0
1468,0,39,00611,0,0,0,0,0
1469,0,39,00612,0,0,0,0,0
1470,0,39,00701,0,0,0,0,0
1471,0,39,00702,0,0,0,0,0
1472,0,39,00703,0,0,0,0,0
1473,0,39,00800,0,0,0,0,0
1474,101384,39,00901,50084,51300,224,49,391
1475,139040,39,00902,67180,71860,249,78,798
1476,114723,39,00903,55531,59192,177,142,362
1477,120819,39,00904,58667,62152,363,162,894
1478,100139,39,01000,47862,52277,342,158,358
1479,0,39,01101,0,0,0,0,0
1480,0,39,01102,0,0,0,0,0
1481,0,39,01103,0,0,0,0,0
1482,0,39,01201,0,0,0,0,0
1483,0,39,01202,0,0,0,0,0
1484,97366,39,01300,48864,48502,489,255,339
1485,127601,39,01400,63541,64060,357,190,661
1486,188798,39,01500,91903,96895,563,345,1027
1487,111252,39,01600,53153,58099,358,214,491
1488,162400,39,01700,79818,82582,680,287,1192
1489,0,39,01800,0,0,0,0,0
1490,179143,39,01900,88589,90554,841,189,802
1491,116105,39,02000,57849,58256,331,132,574
1492,111979,39,02100,55042,56937,447,116,585
1493,0,39,02201,0,0,0,0,0
1494,0,39,02202,0,0,0,0,0
1495,0,39,02203,0,0,0,0,0
1496,118751,39,02300,59175,59576,413,260,528
1497,109598,39,02400,54224,55374,210,104,741
1498,102650,39,02500,52055,50595,485,94,768
1499,114835,39,02600,57177,57658,253,111,847
1500,115732,39,02700,57529,58203,366,147,652
1501,161893,39,02800,82465,79428,903,289,1071
1502,119403,39,02900,59167,60236,911,547,324
1503,0,39,03001,0,0,0,0,0
1504,0,39,03002,0,0,0,0,0
1505,0,39,03101,0,0,0,0,0
1506,0,39,03102,0,0,0,0,0
1507,0,39,03103,0,0,0,0,0
1508,0,39,03104,0,0,0,0,0
1509,0,39,03105,0,0,0,0,0
1510,0,39,03106,0,0,0,0,0
1511,0,39,03107,0,0,0,0,0
1512,0,39,03108,0,0,0,0,0
1513,0,39,03109,0,0,0,0,0
1514,134613,39,03200,63909,70704,354,179,611
1515,124925,39,03300,61789,63136,311,111,602
1516,102607,39,03400,52119,50488,267,210,384
1517,133067,39,03500,66231,66836,829,229,499
1518,103061,39,03600,52689,50372,325,102,332
1519,122103,39,03700,59901,62202,280,225,524
1520,175417,39,03800,86226,89191,777,637,1240
1521,155979,39,03900,77333,78646,973,389,1121
1522,205393,39,04000,101833,103560,620,210,1672
1523,125529,39,04101,58773,66756,389,132,1072
1524,111919,39,04102,52338,59581,269,75,1207
1525,121956,39,04103,60862,61094,323,110,826
1526,160329,39,04200,82190,78139,728,233,1137
1527,0,39,04301,0,0,0,0,0
1528,0,39,04302,0,0,0,0,0
1529,0,39,04401,0,0,0,0,0
1530,0,39,04402,0,0,0,0,0
1531,0,39,04403,0,0,0,0,0
1532,0,39,04404,0,0,0,0,0
1533,0,39,04501,0,0,0,0,0
1534,0,39,04502,0,0,0,0,0
1535,0,39,04503,0,0,0,0,0
1536,107449,39,04601,52341,55108,358,153,592
1537,129187,39,04602,61375,67812,596,358,571
1538,168147,39,04700,82663,85484,718,290,1151
1539,105655,39,04800,54327,51328,467,141,430
1540,167190,40,00100,82742,84448,810,652,953
1541,112733,40,00200,55228,57505,824,610,559
1542,175432,40,00300,87337,88095,936,512,1220
1543,107445,40,00400,54842,52603,324,210,611
1544,112845,40,00500,58814,54031,415,237,370
1545,0,40,00600,0,0,0,0,0
1546,0,40,00700,0,0,0,0,0
1547,144749,40,00800,71846,72903,446,384,1043
1548,281782,40,00900,140296,141486,1271,431,2798
1549,0,40,01000,0,0,0,0,0
1550,0,40,01100,0,0,0,0,0
1551,0,40,01200,0,0,0,0,0
1552,124117,40,01301,62475,61642,456,255,1027
1553,147275,40,01302,71751,75524,512,310,1180
1554,116940,40,01400,58097,58843,413,374,577
1555,0,40,01500,0,0,0,0,0
1556,0,40,01600,0,0,0,0,0
1557,0,40,01700,0,0,0,0,0
1558,126895,41,00100,64840,62055,497,190,749
1559,121076,41,00200,60748,60328,657,400,1066
1560,113517,41,00300,58487,55030,426,173,714
1561,191822,41,00400,94811,97011,488,222,1300
1562,167906,41,00500,82873,85033,547,182,1094
1563,219283,41,00600,109076,110207,658,393,1007
1564,0,41,00701,0,0,0,0,0
1565,0,41,00702,0,0,0,0,0
1566,174324,41,00800,85471,88853,1018,524,895
1567,0,41,00900,0,0,0,0,0
1568,109955,41,01000,54440,55515,503,452,495
1569,0,41,01101,0,0,0,0,0
1570,0,41,01102,0,0,0,0,0
1571,190857,41,01200,94432,96425,950,779,1269
1572,126859,41,01301,62820,64039,579,74,1048
1573,125135,41,01302,60531,64604,1006,291,911
1574,120592,41,01303,60632,59960,602,335,1022
1575,0,41,01304,0,0,0,0,0
1576,125635,41,01305,62163,63472,256,80,894
1577,0,41,01306,0,0,0,0,0
1578,0,41,01307,0,0,0,0,0
1579,0,41,01308,0,0,0,0,0
1580,0,41,01309,0,0,0,0,0
1581,0,41,01310,0,0,0,0,0
1582,0,41,01311,0,0,0,0,0
1583,0,41,01312,0,0,0,0,0
1584,0,41,01313,0,0,0,0,0
1585,0,42,00100,0,0,0,0,0
1586,124551,42,00200,61285,63266,492,214,509
1587,171881,42,00300,89020,82861,522,236,1026
1588,107529,42,00400,53615,53914,272,327,921
1589,147429,42,00500,75702,71727,416,255,977
1590,168756,42,00600,83713,85043,746,381,1107
1591,0,42,00700,0,0,0,0,0
1592,127549,42,00801,61481,66068,315,252,633
1593,126480,42,00802,61899,64581,649,536,601
1594,0,42,00901,0,0,0,0,0
1595,0,42,00902,0,0,0,0,0
1596,0,42,00903,0,0,0,0,0
1597,109677,42,01000,54827,54850,330,262,589
1598,156210,42,01100,79664,76546,858,379,919
1599,162189,42,01200,85437,76752,347,273,1217
1600,140827,42,01300,71103,69724,588,293,1043
1601,110444,42,01400,54766,55678,446,128,635
1602,0,42,01500,0,0,0,0,0
1603,187668,42,01600,93061,94607,560,266,1453
1604,191743,42,01701,93428,98315,454,287,1293
1605,112661,42,01702,55686,56975,593,639,625
1606,0,42,01703,0,0,0,0,0
1607,108331,42,01801,52722,55609,324,125,532
1608,159042,42,01802,78045,80997,718,202,1252
1609,124107,42,01803,60943,63164,232,139,650
1610,172068,42,01804,80061,92007,660,350,1530
1611,112285,42,01805,53090,59195,629,241,1112
1612,123384,42,01806,59729,63655,361,210,727
1613,114125,42,01807,54917,59208,341,191,748
1614,149838,42,01900,74661,75177,710,198,1241
1615,98985,42,02001,48640,50345,313,217,523
1616,148643,42,02002,72061,76582,384,172,838
1617,0,42,02101,0,0,0,0,0
1618,0,42,02102,0,0,0,0,0
1619,0,42,02103,0,0,0,0,0
1620,0,42,02201,0,0,0,0,0
1621,0,42,02202,0,0,0,0,0
1622,0,42,02300,0,0,0,0,0
1623,0,42,02400,0,0,0,0,0
1624,0,42,02501,0,0,0,0,0
1625,0,42,02502,0,0,0,0,0
1626,141633,42,02600,72621,69012,340,222,785
1627,0,42,02700,0,0,0,0,0
1628,131476,42,02801,64889,66587,581,386,843
1629,159020,42,02802,77584,81436,366,474,842
1630,0,42,02900,0,0,0,0,0
1631,136152,42,03001,66916,69236,548,135,1001
1632,141409,42,03002,68727,72682,582,508,854
1633,143622,42,03101,70444,73178,330,271,1740
1634,122332,42,03102,59896,62436,289,378,830
1635,158248,42,03201,76560,81688,459,599,829
1636,146291,42,03202,70250,76041,1463,730,647
1637,140922,42,03203,68218,72704,1139,572,1570
1638,135334,42,03301,65633,69701,411,234,1427
1639,163623,42,03302,77752,85871,895,767,1456
1640,145579,42,03303,70267,75312,505,476,1692
1641,110533,42,03401,56309,54224,321,298,483
1642,136740,42,03402,66031,70709,382,99,1058
1643,0,42,03500,0,0,0,0,0
1644,0,42,03600,0,0,0,0,0
1645,128172,42,03701,63284,64888,790,193,602
1646,128993,42,03702,63783,65210,850,334,663
1647,0,42,03801,0,0,0,0,0
1648,0,42,03802,0,0,0,0,0
1649,0,42,03901,0,0,0,0,0
1650,0,42,03902,0,0,0,0,0
1651,0,42,03903,0,0,0,0,0
1652,0,42,03904,0,0,0,0,0
1653,144525,42,04001,70676,73849,517,175,855
1654,99117,42,04002,49737,49380,751,427,675
1655,0,42,04003,0,0,0,0,0
1656,0,42,04004,0,0,0,0,0
1657,0,42,04005,0,0,0,0,0
1658,0,42,04006,0,0,0,0,0
1659,0,42,04101,0,0,0,0,0
1660,0,42,04102,0,0,0,0,0
1661,0,42,04103,0,0,0,0,0
1662,0,42,04104,0,0,0,0,0
1663,0,42,04105,0,0,0,0,0
1664,0,42,04106,0,0,0,0,0
1665,0,42,04107,0,0,0,0,0
1666,0,42,04108,0,0,0,0,0
1667,0,42,04109,0,0,0,0,0
1668,0,42,04110,0,0,0,0,0
1669,0,42,04111,0,0,0,0,0
1670,0,42,04201,0,0,0,0,0
1671,0,42,04202,0,0,0,0,0
1672,0,42,04203,0,0,0,0,0
1673,0,42,04204,0,0,0,0,0
1674,0,42,04301,0,0,0,0,0
1675,0,42,04302,0,0,0,0,0
1676,0,42,04303,0,0,0,0,0
1677,0,44,00100,0,0,0,0,0
1678,0,44,00200,0,0,0,0,0
1679,131296,44,00300,64247,67049,335,424,979
1680,126615,44,00400,61508,65107,273,258,719
1681,0,44,00500,0,0,0,0,0
1682,0,44,00600,0,0,0,0,0
1683,0,44,00700,0,0,0,0,0
1684,0,45,00100,0,0,0,0,0
1685,0,45,00201,0,0,0,0,0
1686,0,45,00202,0,0,0,0,0
1687,124697,45,00301,59133,65564,867,382,802
1688,189330,45,00302,93175,96155,1109,885,1082
1689,155001,45,00400,74788,80213,1176,418,677
1690,0,45,00500,0,0,0,0,0
1691,0,45,00600,0,0,0,0,0
1692,167565,45,00700,81892,85673,1148,787,1120
1693,188510,45,00800,91727,96783,1080,668,571
1694,205063,45,00900,96333,108730,1101,703,1012
1695,0,45,01001,0,0,0,0,0
1696,0,45,01002,0,0,0,0,0
1697,0,45,01100,0,0,0,0,0
1698,0,45,01200,0,0,0,0,0
1699,187952,45,01300,90544,97408,807,361,1022
1700,219249,45,01400,107902,111347,1046,922,1277
1701,196764,45,01500,96074,100690,826,429,945
1702,104857,45,01600,49913,54944,323,199,650
1703,0,45,01700,0,0,0,0,0
1704,0,45,01800,0,0,0,0,0
1705,0,45,01900,0,0,0,0,0
1706,0,45,02000,0,0,0,0,0
1707,0,45,02101,0,0,0,0,0
1708,0,45,02102,0,0,0,0,0
1709,0,45,02200,0,0,0,0,0
1710,0,45,02300,0,0,0,0,0
1711,190164,46,00100,96300,93864,1190,236,1566
1712,103702,46,00200,51707,51995,203,256,975
1713,132874,46,00300,66404,66470,115,109,1545
1714,136373,46,00400,70020,66353,300,111,1077
1715,138261,46,00500,69791,68470,533,144,1886
1716,177962,46,00600,88748,89214,756,116,2062
1717,0,46,00700,0,0,0,0,0
1718,138420,47,00100,67960,70460,743,401,813
1719,136517,47,00200,66855,69662,539,243,870
1720,218547,47,00300,108844,109703,941,427,2201
1721,189955,47,00400,95036,94919,1303,536,961
1722,0,47,00501,0,0,0,0,0
1723,0,47,00502,0,0,0,0,0
1724,130609,47,00600,66485,64124,733,404,511
1725,125283,47,00700,61977,63306,694,402,892
1726,0,47,00801,0,0,0,0,0
1727,0,47,00802,0,0,0,0,0
1728,121679,47,00900,60813,60866,563,534,738
1729,106624,47,01000,51141,55483,760,235,492
1730,107772,47,01100,53305,54467,513,190,616
1731,161339,47,01200,79810,81529,900,398,794
1732,0,47,01301,0,0,0,0,0
1733,0,47,01302,0,0,0,0,0
1734,123525,47,01400,60429,63096,564,511,754
1735,152134,47,01500,75251,76883,660,394,708
1736,0,47,01600,0,0,0,0,0
1737,131592,47,01700,63783,67809,397,203,403
1738,152814,47,01800,75025,77789,887,256,529
1739,177118,47,01900,86486,90632,1012,596,847
1740,0,47,02000,0,0,0,0,0
1741,117198,47,02100,59932,57266,676,552,642
1742,0,47,02201,0,0,0,0,0
1743,0,47,02202,0,0,0,0,0
1744,0,47,02203,0,0,0,0,0
1745,0,47,02204,0,0,0,0,0
1746,0,47,02205,0,0,0,0,0
1747,140676,47,02300,68842,71834,944,425,853
1748,0,47,02400,0,0,0,0,0
1749,0,47,02500,0,0,0,0,0
1750,232276,47,02600,113650,118626,594,357,1779
1751,177391,47,02700,86247,91144,920,286,1709
1752,109697,47,02800,54628,55069,576,406,530
1753,133656,47,02900,66620,67036,743,285,464
1754,115200,47,03000,54626,60574,546,476,409
1755,0,47,03101,0,0,0,0,0
1756,0,47,03102,0,0,0,0,0
1757,0,47,03103,0,0,0,0,0
1758,0,47,03104,0,0,0,0,0
1759,0,47,03105,0,0,0,0,0
1760,132981,47,03201,65209,67772,796,424,551
1761,127091,47,03202,60289,66802,565,269,519
1762,179863,48,00100,93925,85938,548,684,678
1763,118194,48,00200,60970,57224,463,365,605
1764,136012,48,00300,66663,69349,483,148,1036
1765,127568,48,00400,65917,61651,679,495,509
1766,114847,48,00501,57612,57235,627,891,1059
1767,193322,48,00502,94307,99015,981,1578,1446
1768,156548,48,00600,78397,78151,733,546,742
1769,132381,48,00700,68577,63804,434,358,894
1770,208933,48,00800,103587,105346,973,939,940
1771,197475,48,00900,97258,100217,1080,876,1107
1772,159693,48,01000,77501,82192,990,809,819
1773,123666,48,01100,61270,62396,395,665,465
1774,117817,48,01200,57328,60489,688,416,743
1775,125982,48,01300,62179,63803,947,869,667
1776,129832,48,01400,63770,66062,761,850,989
1777,0,48,01500,0,0,0,0,0
1778,123452,48,01600,60057,63395,507,356,626
1779,129549,48,01700,66912,62637,567,255,496
1780,139998,48,01800,75663,64335,677,447,626
1781,0,48,01900,0,0,0,0,0
1782,0,48,02000,0,0,0,0,0
1783,179278,48,02101,88359,90919,919,640,912
1784,171512,48,02102,85900,85612,1068,496,979
1785,0,48,02103,0,0,0,0,0
1786,0,48,02104,0,0,0,0,0
1787,0,48,02201,0,0,0,0,0
1788,0,48,02202,0,0,0,0,0
1789,116116,48,02301,57510,58606,612,655,1109
1790,103236,48,02302,50949,52287,502,693,1078
1791,121306,48,02303,59883,61423,950,620,777
1792,118229,48,02304,59563,58666,756,620,846
1793,134922,48,02305,65564,69358,326,500,1057
1794,134060,48,02306,65107,68953,473,224,620
1795,132582,48,02307,65682,66900,402,214,663
1796,112938,48,02308,54797,58141,253,666,573
1797,125219,48,02309,61157,64062,242,172,548
1798,125032,48,02310,60184,64848,379,285,609
1799,106633,48,02311,53140,53493,320,364,614
1800,112427,48,02312,59740,52687,325,24,368
1801,128861,48,02313,67751,61110,251,48,380
1802,128772,48,02314,63043,65729,1010,907,392
1803,116877,48,02315,58702,58175,747,504,506
1804,138408,48,02400,68999,69409,1089,527,744
1805,124463,48,02501,62304,62159,411,278,557
1806,128819,48,02502,63883,64936,546,221,830
1807,132589,48,02503,65629,66960,803,603,798
1808,121381,48,02504,58068,63313,806,604,581
1809,123328,48,02505,59076,64252,537,324,744
1810,131173,48,02506,64350,66823,679,555,1015
1811,120523,48,02507,58026,62497,370,270,1133
1812,119926,48,02508,59460,60466,687,324,470
1813,145864,48,02509,70244,75620,495,269,1605
1814,126837,48,02510,61666,65171,334,330,1131
1815,131814,48,02511,65199,66615,527,1101,1119
1816,191498,48,02600,100456,91042,869,421,662
1817,138018,48,02700,67242,70776,570,280,1130
1818,102088,48,02800,54625,47463,442,303,535
1819,118341,48,02900,59159,59182,573,414,754
1820,171278,48,03000,86586,84692,504,590,979
1821,162133,48,03100,82725,79408,489,362,633
1822,120912,48,03200,63393,57519,562,200,410
1823,0,48,03300,0,0,0,0,0
1824,184431,48,03400,92167,92264,977,519,801
1825,173440,48,03501,85776,87664,811,325,1805
1826,182064,48,03502,91323,90741,775,321,1486
1827,0,48,03503,0,0,0,0,0
1828,0,48,03504,0,0,0,0,0
1829,0,48,03505,0,0,0,0,0
1830,0,48,03600,0,0,0,0,0
1831,0,48,03701,0,0,0,0,0
1832,0,48,03702,0,0,0,0,0
1833,0,48,03703,0,0,0,0,0
1834,108530,48,03801,52030,56500,397,235,1184
1835,145554,48,03802,72119,73435,635,295,1251
1836,188647,48,03900,102819,85828,636,150,656
1837,152152,48,04000,73651,78501,885,736,1232
1838,114829,48,04100,57962,56867,317,428,351
1839,141203,48,04200,69199,72004,920,377,620
1840,0,48,04300,0,0,0,0,0
1841,128667,48,04400,63808,64859,413,507,280
1842,161950,48,04501,81462,80488,969,623,690
1843,163561,48,04502,80297,83264,527,370,1185
1844,118126,48,04503,57614,60512,184,59,595
1845,119267,48,04601,60015,59252,733,217,243
1846,112936,48,04602,61405,51531,606,411,308
1847,127649,48,04603,61994,65655,359,102,872
1848,146056,48,04604,74184,71872,178,152,364
1849,120758,48,04605,60261,60497,441,418,650
1850,116125,48,04606,60731,55394,454,350,468
1851,126194,48,04607,61027,65167,903,514,915
1852,103109,48,04608,52667,50442,534,437,272
1853,130489,48,04609,65526,64963,732,802,535
1854,117015,48,04610,57291,59724,530,352,281
1855,116023,48,04611,59949,56074,430,543,619
1856,109767,48,04612,54479,55288,474,339,505
1857,120671,48,04613,60145,60526,260,23,416
1858,115764,48,04614,62716,53048,372,181,575
1859,100849,48,04615,50049,50800,145,484,600
1860,113419,48,04616,54184,59235,694,245,628
1861,132554,48,04617,61955,70599,917,336,721
1862,108024,48,04618,53462,54562,754,555,416
1863,112997,48,04619,56381,56616,809,671,741
1864,117800,48,04620,59897,57903,441,387,730
1865,105858,48,04621,52302,53556,298,122,800
1866,114030,48,04622,57382,56648,890,324,927
1867,110296,48,04623,54939,55357,640,463,351
1868,130842,48,04624,64037,66805,363,160,900
1869,139930,48,04625,71016,68914,629,876,714
1870,169842,48,04701,83077,86765,753,1225,1349
1871,167790,48,04702,83186,84604,576,279,1352
1872,134022,48,04801,64768,69254,1137,657,607
1873,128024,48,04802,66818,61206,603,395,872
1874,116680,48,04901,55467,61213,445,305,966
1875,138846,48,04902,68357,70489,494,249,1022
1876,183271,48,05000,91162,92109,803,429,1748
1877,172197,48,05100,86854,85343,1416,1423,1168
1878,145992,48,05201,69932,76060,953,319,922
1879,136557,48,05202,68151,68406,572,417,1541
1880,161481,48,05301,78312,83169,658,285,1108
1881,116785,48,05302,59901,56884,407,691,729
1882,157219,48,05303,82209,75010,1025,789,930
1883,134463,48,05304,69277,65186,867,953,727
1884,0,48,05401,0,0,0,0,0
1885,0,48,05402,0,0,0,0,0
1886,149060,48,05500,76125,72935,783,510,800
1887,0,48,05601,0,0,0,0,0
1888,0,48,05602,0,0,0,0,0
1889,0,48,05603,0,0,0,0,0
1890,0,48,05604,0,0,0,0,0
1891,0,48,05605,0,0,0,0,0
1892,0,48,05606,0,0,0,0,0
1893,0,48,05607,0,0,0,0,0
1894,0,48,05608,0,0,0,0,0
1895,0,48,05609,0,0,0,0,0
1896,0,48,05610,0,0,0,0,0
1897,0,48,05611,0,0,0,0,0
1898,163042,48,05700,80512,82530,799,291,993
1899,148926,48,05800,73433,75493,725,910,718
1900,0,48,05900,0,0,0,0,0
1901,136115,48,06000,66595,69520,898,523,625
1902,143691,48,06100,74936,68755,947,814,727
1903,172648,48,06200,87122,85526,904,860,1489
1904,128741,48,06301,61152,67589,921,520,862
1905,145990,48,06302,73201,72789,840,819,454
1906,107625,48,06400,53601,54024,619,545,797
1907,130616,48,06500,68800,61816,795,435,725
1908,0,48,06600,0,0,0,0,0
1909,131397,48,06701,65542,65855,1147,1009,1412
1910,148382,48,06702,72528,75854,874,526,578
1911,142307,48,06703,67512,74795,971,653,895
1912,0,48,06704,0,0,0,0,0
1913,0,48,06800,0,0,0,0,0
1914,100573,48,06900,51168,49405,463,421,602
1915,0,49,00100,0,0,0,0,0
1916,0,49,00200,0,0,0,0,0
1917,0,49,00301,0,0,0,0,0
1918,0,49,00302,0,0,0,0,0
1919,0,49,00400,0,0,0,0,0
1920,0,49,00501,0,0,0,0,0
1921,0,49,00502,0,0,0,0,0
1922,0,49,00503,0,0,0,0,0
1923,0,49,00504,0,0,0,0,0
1924,0,49,00505,0,0,0,0,0
1925,0,49,00506,0,0,0,0,0
1926,0,49,00507,0,0,0,0,0
1927,0,49,00601,0,0,0,0,0
1928,0,49,00602,0,0,0,0,0
1929,0,49,00603,0,0,0,0,0
1930,0,49,00700,0,0,0,0,0
1931,219861,50,00100,108297,111564,677,227,2275
1932,146739,50,00200,73515,73224,302,374,1364
1933,126520,50,00300,62248,64272,346,188,1219
1934,131220,50,00400,64926,66294,345,145,812
1935,0,51,00100,0,0,0,0,0
1936,0,51,00200,0,0,0,0,0
1937,0,51,00301,0,0,0,0,0
1938,0,51,00302,0,0,0,0,0
1939,0,51,00303,0,0,0,0,0
1940,0,51,00304,0,0,0,0,0
1941,0,51,00305,0,0,0,0,0
1942,0,51,00400,0,0,0,0,0
1943,0,51,00501,0,0,0,0,0
1944,0,51,00502,0,0,0,0,0
1945,0,51,00600,0,0,0,0,0
1946,0,51,00700,0,0,0,0,0
1947,0,51,00800,0,0,0,0,0
1948,0,51,00900,0,0,0,0,0
1949,0,51,01000,0,0,0,0,0
1950,0,51,01100,0,0,0,0,0
1951,0,51,01200,0,0,0,0,0
1952,0,51,01300,0,0,0,0,0
1953,0,51,01400,0,0,0,0,0
1954,0,51,01500,0,0,0,0,0
1955,0,51,01600,0,0,0,0,0
1956,0,51,01700,0,0,0,0,0
1957,0,51,01800,0,0,0,0,0
1958,0,51,01900,0,0,0,0,0
1959,0,51,02000,0,0,0,0,0
1960,0,51,02100,0,0,0,0,0
1961,0,51,02200,0,0,0,0,0
1962,0,51,02300,0,0,0,0,0
1963,0,51,02400,0,0,0,0,0
1964,0,51,02500,0,0,0,0,0
1965,0,51,02600,0,0,0,0,0
1966,0,51,02700,0,0,0,0,0
1967,0,51,02801,0,0,0,0,0
1968,0,51,02802,0,0,0,0,0
1969,0,51,02803,0,0,0,0,0
1970,0,51,02900,0,0,0,0,0
1971,0,51,03000,0,0,0,0,0
1972,0,51,03100,0,0,0,0,0
1973,0,51,03200,0,0,0,0,0
1974,0,51,03300,0,0,0,0,0
1975,0,51,03400,0,0,0,0,0
1976,0,51,03500,0,0,0,0,0
1977,0,53,00100,0,0,0,0,0
1978,0,53,00200,0,0,0,0,0
1979,0,53,00300,0,0,0,0,0
1980,0,53,00400,0,0,0,0,0
1981,0,53,00500,0,0,0,0,0
1982,0,53,00601,0,0,0,0,0
1983,0,53,00602,0,0,0,0,0
1984,0,53,00700,0,0,0,0,0
1985,0,53,00800,0,0,0,0,0
1986,0,53,00901,0,0,0,0,0
1987,0,53,00902,0,0,0,0,0
1988,0,53,01001,0,0,0,0,0
1989,0,53,01002,0,0,0,0,0
1990,0,53,01003,0,0,0,0,0
1991,0,53,01004,0,0,0,0,0
1992,0,53,01005,0,0,0,0,0
1993,0,53,01100,0,0,0,0,0
1994,0,53,01201,0,0,0,0,0
1995,0,53,01202,0,0,0,0,0
1996,0,53,01300,0,0,0,0,0
1997,0,53,01401,0,0,0,0,0
1998,0,53,01402,0,0,0,0,0
1999,0,53,01403,0,0,0,0,0
2000,0,53,01404,0,0,0,0,0
2001,0,53,01500,0,0,0,0,0
2002,0,53,01600,0,0,0,0,0
2003,0,53,01701,0,0,0,0,0
2004,0,53,01702,0,0,0,0,0
2005,0,53,01801,0,0,0,0,0
2006,0,53,01802,0,0,0,0,0
2007,0,53,01803,0,0,0,0,0
2008,0,53,01804,0,0,0,0,0
2009,0,53,01805,0,0,0,0,0
2010,0,53,01900,0,0,0,0,0
2011,0,53,02001,0,0,0,0,0
2012,0,53,02002,0,0,0,0,0
2013,0,53,02003,0,0,0,0,0
2014,0,53,02004,0,0,0,0,0
2015,0,53,02005,0,0,0,0,0
2016,0,53,02006,0,0,0,0,0
2017,0,53,02007,0,0,0,0,0
2018,0,53,02008,0,0,0,0,0
2019,0,53,02009,0,0,0,0,0
2020,0,53,02101,0,0,0,0,0
2021,0,53,02102,0,0,0,0,0
2022,0,53,02200,0,0,0,0,0
2023,124002,54,00100,60483,63519,557,231,491
2024,149145,54,00200,73848,75297,565,304,730
2025,140007,54,00300,71942,68065,405,194,716
2026,242745,54,00400,120620,122125,1515,767,1548
2027,125105,54,00500,63331,61774,536,276,665
2028,105497,54,00600,52919,52578,446,499,278
2029,97392,54,00700,47324,50068,445,160,442
2030,159849,54,00800,77768,82081,542,360,839
2031,99124,54,00900,48936,50188,327,313,209
2032,189625,54,01000,91485,98140,1004,834,1102
2033,102581,54,01100,50415,52166,509,439,440
2034,176838,54,01200,87146,89692,695,430,906
2035,174960,55,00100,88574,86386,474,275,1172
2036,106155,55,00200,52674,53481,545,57,368
2037,156475,55,00300,77159,79316,359,31,1187
2038,0,55,00400,0,0,0,0,0
2039,0,55,00500,0,0,0,0,0
2040,113405,55,00600,56981,56424,317,131,596
2041,205793,55,00700,104941,100852,605,187,1557
2042,146117,55,00800,74002,72115,532,110,1057
2043,118105,55,00900,57834,60271,256,0,785
2044,121432,55,01000,61783,59649,557,203,780
2045,0,55,01100,0,0,0,0,0
2046,0,55,01200,0,0,0,0,0
2047,110144,55,01300,55423,54721,419,264,421
2048,154720,55,01400,78990,75730,452,172,626
2049,186748,55,01500,93379,93369,410,285,1245
2050,135631,55,01600,68178,67453,627,270,939
2051,0,55,01700,0,0,0,0,0
2052,0,55,01800,0,0,0,0,0
2053,0,55,01900,0,0,0,0,0
2054,0,55,02001,0,0,0,0,0
2055,0,55,02002,0,0,0,0,0
2056,0,55,02003,0,0,0,0,0
2057,0,55,02004,0,0,0,0,0
2058,0,55,02101,0,0,0,0,0
2059,0,55,02102,0,0,0,0,0
2060,0,55,02201,0,0,0,0,0
2061,0,55,02202,0,0,0,0,0
2062,0,55,02203,0,0,0,0,0
2063,0,55,02300,0,0,0,0,0
2064,162655,55,02400,79896,82759,891,439,1401
2065,115207,55,02500,58317,56890,254,51,619
2066,114782,56,00100,58244,56538,230,128,735
2067,102117,56,00200,52659,49458,269,19,767
2068,137852,56,00300,70619,67233,484,188,977
2069,108902,56,00400,55326,53576,274,188,1074
